{
	"start":	{
		"connected":	[{
				"socket":	5,
				"local_host":	"192.0.0.2",
				"local_port":	32856,
				"remote_host":	"192.0.0.171",
				"remote_port":	5201
			}],
		"version":	"iperf 3.9",
		"system_info":	"Linux ace-3 5.15.0-151-generic #161-Ubuntu SMP Tue Jul 22 14:25:40 UTC 2025 x86_64",
		"timestamp":	{
			"time":	"Thu, 14 Aug 2025 14:44:24 GMT",
			"timesecs":	1755182664
		},
		"connecting_to":	{
			"host":	"192.0.0.171",
			"port":	5201
		},
		"cookie":	"ufqplb3xcjttf2mogfbmpykb7myamc2axb5s",
		"tcp_mss_default":	1428,
		"sock_bufsize":	0,
		"sndbuf_actual":	16384,
		"rcvbuf_actual":	131072,
		"test_start":	{
			"protocol":	"TCP",
			"num_streams":	1,
			"blksize":	131072,
			"omit":	0,
			"duration":	30,
			"bytes":	0,
			"blocks":	0,
			"reverse":	0,
			"tos":	0
		}
	},
	"intervals":	[{
			"streams":	[{
					"socket":	5,
					"start":	0,
					"end":	1.000102,
					"seconds":	1.0001020431518555,
					"bytes":	65967584,
					"bits_per_second":	527686825.17316675,
					"retransmits":	0,
					"snd_cwnd":	301308,
					"rtt":	3600,
					"rttvar":	315,
					"pmtu":	1500,
					"omitted":	false,
					"sender":	true
				}],
			"sum":	{
				"start":	0,
				"end":	1.000102,
				"seconds":	1.0001020431518555,
				"bytes":	65967584,
				"bits_per_second":	527686825.17316675,
				"retransmits":	0,
				"omitted":	false,
				"sender":	true
			}
		}, {
			"streams":	[{
					"socket":	5,
					"start":	1.000102,
					"end":	2.00012,
					"seconds":	1.0000180006027222,
					"bytes":	64774080,
					"bits_per_second":	518183312.38805646,
					"retransmits":	0,
					"snd_cwnd":	301308,
					"rtt":	2955,
					"rttvar":	333,
					"pmtu":	1500,
					"omitted":	false,
					"sender":	true
				}],
			"sum":	{
				"start":	1.000102,
				"end":	2.00012,
				"seconds":	1.0000180006027222,
				"bytes":	64774080,
				"bits_per_second":	518183312.38805646,
				"retransmits":	0,
				"omitted":	false,
				"sender":	true
			}
		}, {
			"streams":	[{
					"socket":	5,
					"start":	2.00012,
					"end":	3.000109,
					"seconds":	0.99998897314071655,
					"bytes":	65609460,
					"bits_per_second":	524881467.79408586,
					"retransmits":	0,
					"snd_cwnd":	301308,
					"rtt":	1713,
					"rttvar":	108,
					"pmtu":	1500,
					"omitted":	false,
					"sender":	true
				}],
			"sum":	{
				"start":	2.00012,
				"end":	3.000109,
				"seconds":	0.99998897314071655,
				"bytes":	65609460,
				"bits_per_second":	524881467.79408586,
				"retransmits":	0,
				"omitted":	false,
				"sender":	true
			}
		}, {
			"streams":	[{
					"socket":	5,
					"start":	3.000109,
					"end":	4.000118,
					"seconds":	1.0000089406967163,
					"bytes":	63745920,
					"bits_per_second":	509962800.57726341,
					"retransmits":	0,
					"snd_cwnd":	301308,
					"rtt":	2202,
					"rttvar":	389,
					"pmtu":	1500,
					"omitted":	false,
					"sender":	true
				}],
			"sum":	{
				"start":	3.000109,
				"end":	4.000118,
				"seconds":	1.0000089406967163,
				"bytes":	63745920,
				"bits_per_second":	509962800.57726341,
				"retransmits":	0,
				"omitted":	false,
				"sender":	true
			}
		}, {
			"streams":	[{
					"socket":	5,
					"start":	4.000118,
					"end":	5.0001,
					"seconds":	0.99998199939727783,
					"bytes":	64774080,
					"bits_per_second":	518201967.94775486,
					"retransmits":	0,
					"snd_cwnd":	301308,
					"rtt":	1764,
					"rttvar":	406,
					"pmtu":	1500,
					"omitted":	false,
					"sender":	true
				}],
			"sum":	{
				"start":	4.000118,
				"end":	5.0001,
				"seconds":	0.99998199939727783,
				"bytes":	64774080,
				"bits_per_second":	518201967.94775486,
				"retransmits":	0,
				"omitted":	false,
				"sender":	true
			}
		}, {
			"streams":	[{
					"socket":	5,
					"start":	5.0001,
					"end":	6.000227,
					"seconds":	1.0001269578933716,
					"bytes":	67087440,
					"bits_per_second":	536631390.40915656,
					"retransmits":	0,
					"snd_cwnd":	301308,
					"rtt":	1826,
					"rttvar":	185,
					"pmtu":	1500,
					"omitted":	false,
					"sender":	true
				}],
			"sum":	{
				"start":	5.0001,
				"end":	6.000227,
				"seconds":	1.0001269578933716,
				"bytes":	67087440,
				"bits_per_second":	536631390.40915656,
				"retransmits":	0,
				"omitted":	false,
				"sender":	true
			}
		}, {
			"streams":	[{
					"socket":	5,
					"start":	6.000227,
					"end":	7.000108,
					"seconds":	0.99988102912902832,
					"bytes":	64902600,
					"bits_per_second":	519282579.50076365,
					"retransmits":	0,
					"snd_cwnd":	301308,
					"rtt":	2776,
					"rttvar":	316,
					"pmtu":	1500,
					"omitted":	false,
					"sender":	true
				}],
			"sum":	{
				"start":	6.000227,
				"end":	7.000108,
				"seconds":	0.99988102912902832,
				"bytes":	64902600,
				"bits_per_second":	519282579.50076365,
				"retransmits":	0,
				"omitted":	false,
				"sender":	true
			}
		}, {
			"streams":	[{
					"socket":	5,
					"start":	7.000108,
					"end":	8.000134,
					"seconds":	1.0000259876251221,
					"bytes":	64195740,
					"bits_per_second":	513552573.98822671,
					"retransmits":	1,
					"snd_cwnd":	301308,
					"rtt":	2071,
					"rttvar":	154,
					"pmtu":	1500,
					"omitted":	false,
					"sender":	true
				}],
			"sum":	{
				"start":	7.000108,
				"end":	8.000134,
				"seconds":	1.0000259876251221,
				"bytes":	64195740,
				"bits_per_second":	513552573.98822671,
				"retransmits":	1,
				"omitted":	false,
				"sender":	true
			}
		}, {
			"streams":	[{
					"socket":	5,
					"start":	8.000134,
					"end":	9.000119,
					"seconds":	0.9999849796295166,
					"bytes":	65288160,
					"bits_per_second":	522313125.33665091,
					"retransmits":	0,
					"snd_cwnd":	301308,
					"rtt":	2573,
					"rttvar":	201,
					"pmtu":	1500,
					"omitted":	false,
					"sender":	true
				}],
			"sum":	{
				"start":	8.000134,
				"end":	9.000119,
				"seconds":	0.9999849796295166,
				"bytes":	65288160,
				"bits_per_second":	522313125.33665091,
				"retransmits":	0,
				"omitted":	false,
				"sender":	true
			}
		}, {
			"streams":	[{
					"socket":	5,
					"start":	9.000119,
					"end":	10.000108,
					"seconds":	0.99998897314071655,
					"bytes":	64195740,
					"bits_per_second":	513571583.08157861,
					"retransmits":	0,
					"snd_cwnd":	301308,
					"rtt":	2178,
					"rttvar":	515,
					"pmtu":	1500,
					"omitted":	false,
					"sender":	true
				}],
			"sum":	{
				"start":	9.000119,
				"end":	10.000108,
				"seconds":	0.99998897314071655,
				"bytes":	64195740,
				"bits_per_second":	513571583.08157861,
				"retransmits":	0,
				"omitted":	false,
				"sender":	true
			}
		}, {
			"streams":	[{
					"socket":	5,
					"start":	10.000108,
					"end":	11.000108,
					"seconds":	1,
					"bytes":	64966860,
					"bits_per_second":	519734880,
					"retransmits":	0,
					"snd_cwnd":	301308,
					"rtt":	2826,
					"rttvar":	302,
					"pmtu":	1500,
					"omitted":	false,
					"sender":	true
				}],
			"sum":	{
				"start":	10.000108,
				"end":	11.000108,
				"seconds":	1,
				"bytes":	64966860,
				"bits_per_second":	519734880,
				"retransmits":	0,
				"omitted":	false,
				"sender":	true
			}
		}, {
			"streams":	[{
					"socket":	5,
					"start":	11.000108,
					"end":	12.000099,
					"seconds":	0.999990999698639,
					"bytes":	65095380,
					"bits_per_second":	520767727.06648272,
					"retransmits":	0,
					"snd_cwnd":	301308,
					"rtt":	2987,
					"rttvar":	512,
					"pmtu":	1500,
					"omitted":	false,
					"sender":	true
				}],
			"sum":	{
				"start":	11.000108,
				"end":	12.000099,
				"seconds":	0.999990999698639,
				"bytes":	65095380,
				"bits_per_second":	520767727.06648272,
				"retransmits":	0,
				"omitted":	false,
				"sender":	true
			}
		}, {
			"streams":	[{
					"socket":	5,
					"start":	12.000099,
					"end":	13.000124,
					"seconds":	1.0000250339508057,
					"bytes":	65416680,
					"bits_per_second":	523320339.22437227,
					"retransmits":	0,
					"snd_cwnd":	301308,
					"rtt":	2052,
					"rttvar":	604,
					"pmtu":	1500,
					"omitted":	false,
					"sender":	true
				}],