{
	"start":	{
		"connected":	[{
				"socket":	5,
				"local_host":	"fd00:64:64:5f00:20d2::301",
				"local_port":	37616,
				"remote_host":	"fd00:64:64:5f00:20d2::400",
				"remote_port":	5201
			}],
		"version":	"iperf 3.9",
		"system_info":	"Linux ace-3 5.15.0-151-generic #161-Ubuntu SMP Tue Jul 22 14:25:40 UTC 2025 x86_64",
		"timestamp":	{
			"time":	"Wed, 27 Aug 2025 15:56:00 GMT",
			"timesecs":	1756310160
		},
		"connecting_to":	{
			"host":	"fd00:64:64:5f00:20d2::400",
			"port":	5201
		},
		"cookie":	"cua66uigb2qytfug3q5puksztr43f5svp7dw",
		"tcp_mss_default":	1428,
		"sock_bufsize":	0,
		"sndbuf_actual":	16384,
		"rcvbuf_actual":	131072,
		"test_start":	{
			"protocol":	"TCP",
			"num_streams":	1,
			"blksize":	131072,
			"omit":	0,
			"duration":	30,
			"bytes":	0,
			"blocks":	0,
			"reverse":	0,
			"tos":	0
		}
	},
	"intervals":	[{
			"streams":	[{
					"socket":	5,
					"start":	0,
					"end":	1.000091,
					"seconds":	1.0000909566879272,
					"bytes":	118626376,
					"bits_per_second":	948924696.95247281,
					"retransmits":	90,
					"snd_cwnd":	721140,
					"rtt":	5975,
					"rttvar":	157,
					"pmtu":	1500,
					"omitted":	false,
					"sender":	true
				}],
			"sum":	{
				"start":	0,
				"end":	1.000091,
				"seconds":	1.0000909566879272,
				"bytes":	118626376,
				"bits_per_second":	948924696.95247281,
				"retransmits":	90,
				"omitted":	false,
				"sender":	true
			}
		}, {
			"streams":	[{
					"socket":	5,
					"start":	1.000091,
					"end":	2.00009,
					"seconds":	0.99999898672103882,
					"bytes":	116654080,
					"bits_per_second":	933233585.6259582,
					"retransmits":	45,
					"snd_cwnd":	652596,
					"rtt":	5352,
					"rttvar":	156,
					"pmtu":	1500,
					"omitted":	false,
					"sender":	true
				}],
			"sum":	{
				"start":	1.000091,
				"end":	2.00009,
				"seconds":	0.99999898672103882,
				"bytes":	116654080,
				"bits_per_second":	933233585.6259582,
				"retransmits":	45,
				"omitted":	false,
				"sender":	true
			}
		}, {
			"streams":	[{
					"socket":	5,
					"start":	2.00009,
					"end":	3.000059,
					"seconds":	0.9999690055847168,
					"bytes":	116654080,
					"bits_per_second":	933261565.89654124,
					"retransmits":	45,
					"snd_cwnd":	594048,
					"rtt":	4835,
					"rttvar":	163,
					"pmtu":	1500,
					"omitted":	false,
					"sender":	true
				}],
			"sum":	{
				"start":	2.00009,
				"end":	3.000059,
				"seconds":	0.9999690055847168,
				"bytes":	116654080,
				"bits_per_second":	933261565.89654124,
				"retransmits":	45,
				"omitted":	false,
				"sender":	true
			}
		}, {
			"streams":	[{
					"socket":	5,
					"start":	3.000059,
					"end":	4.00009,
					"seconds":	1.0000309944152832,
					"bytes":	115343360,
					"bits_per_second":	922718280.886413,
					"retransmits":	45,
					"snd_cwnd":	534072,
					"rtt":	4270,
					"rttvar":	100,
					"pmtu":	1500,
					"omitted":	false,
					"sender":	true
				}],
			"sum":	{
				"start":	3.000059,
				"end":	4.00009,
				"seconds":	1.0000309944152832,
				"bytes":	115343360,
				"bits_per_second":	922718280.886413,
				"retransmits":	45,
				"omitted":	false,
				"sender":	true
			}
		}, {
			"streams":	[{
					"socket":	5,
					"start":	4.00009,
					"end":	5.000061,
					"seconds":	0.99997097253799438,
					"bytes":	116654080,
					"bits_per_second":	933259730.16135859,
					"retransmits":	0,
					"snd_cwnd":	678300,
					"rtt":	5517,
					"rttvar":	73,
					"pmtu":	1500,
					"omitted":	false,
					"sender":	true
				}],
			"sum":	{
				"start":	4.00009,
				"end":	5.000061,
				"seconds":	0.99997097253799438,
				"bytes":	116654080,
				"bits_per_second":	933259730.16135859,
				"retransmits":	0,
				"omitted":	false,
				"sender":	true
			}
		}, {
			"streams":	[{
					"socket":	5,
					"start":	5.000061,
					"end":	6.00009,
					"seconds":	1.0000289678573608,
					"bytes":	115343360,
					"bits_per_second":	922720150.77428842,
					"retransmits":	45,
					"snd_cwnd":	629748,
					"rtt":	5116,
					"rttvar":	59,
					"pmtu":	1500,
					"omitted":	false,
					"sender":	true
				}],
			"sum":	{
				"start":	5.000061,
				"end":	6.00009,
				"seconds":	1.0000289678573608,
				"bytes":	115343360,
				"bits_per_second":	922720150.77428842,
				"retransmits":	45,
				"omitted":	false,
				"sender":	true
			}
		}, {
			"streams":	[{
					"socket":	5,
					"start":	6.00009,
					"end":	7.000061,
					"seconds":	0.99997097253799438,
					"bytes":	116654080,
					"bits_per_second":	933259730.16135859,
					"retransmits":	45,
					"snd_cwnd":	571200,
					"rtt":	4621,
					"rttvar":	66,
					"pmtu":	1500,
					"omitted":	false,
					"sender":	true
				}],
			"sum":	{
				"start":	6.00009,
				"end":	7.000061,
				"seconds":	0.99997097253799438,
				"bytes":	116654080,
				"bits_per_second":	933259730.16135859,
				"retransmits":	45,
				"omitted":	false,
				"sender":	true
			}
		}, {
			"streams":	[{
					"socket":	5,
					"start":	7.000061,
					"end":	8.000093,
					"seconds":	1.0000319480895996,
					"bytes":	115343360,
					"bits_per_second":	922717400.94179964,
					"retransmits":	45,
					"snd_cwnd":	508368,
					"rtt":	4104,
					"rttvar":	72,
					"pmtu":	1500,
					"omitted":	false,
					"sender":	true
				}],
			"sum":	{
				"start":	7.000061,
				"end":	8.000093,
				"seconds":	1.0000319480895996,
				"bytes":	115343360,
				"bits_per_second":	922717400.94179964,
				"retransmits":	45,
				"omitted":	false,
				"sender":	true
			}
		}, {
			"streams":	[{
					"socket":	5,
					"start":	8.000093,
					"end":	9.000061,
					"seconds":	0.99996799230575562,
					"bytes":	116654080,
					"bits_per_second":	933262511.58112049,
					"retransmits":	0,
					"snd_cwnd":	659736,
					"rtt":	5433,
					"rttvar":	102,
					"pmtu":	1500,
					"omitted":	false,
					"sender":	true
				}],
			"sum":	{
				"start":	8.000093,
				"end":	9.000061,
				"seconds":	0.99996799230575562,
				"bytes":	116654080,
				"bits_per_second":	933262511.58112049,
				"retransmits":	0,
				"omitted":	false,
				"sender":	true
			}
		}, {
			"streams":	[{
					"socket":	5,
					"start":	9.000061,
					"end":	10.00012,
					"seconds":	1.0000590085983276,
					"bytes":	115343360,
					"bits_per_second":	922692433.21282864,
					"retransmits":	45,
					"snd_cwnd":	606900,
					"rtt":	5063,
					"rttvar":	137,
					"pmtu":	1500,
					"omitted":	false,
					"sender":	true
				}],
			"sum":	{
				"start":	9.000061,
				"end":	10.00012,
				"seconds":	1.0000590085983276,
				"bytes":	115343360,
				"bits_per_second":	922692433.21282864,
				"retransmits":	45,
				"omitted":	false,
				"sender":	true
			}
		}, {
			"streams":	[{
					"socket":	5,
					"start":	10.00012,
					"end":	11.000093,
					"seconds":	0.99997299909591675,
					"bytes":	116654080,
					"bits_per_second":	933257838.80539048,
					"retransmits":	45,
					"snd_cwnd":	545496,
					"rtt":	4566,
					"rttvar":	140,
					"pmtu":	1500,
					"omitted":	false,
					"sender":	true
				}],
			"sum":	{
				"start":	10.00012,
				"end":	11.000093,
				"seconds":	0.99997299909591675,
				"bytes":	116654080,
				"bits_per_second":	933257838.80539048,
				"retransmits":	45,
				"omitted":	false,
				"sender":	true
			}
		}, {
			"streams":	[{
					"socket":	5,
					"start":	11.000093,
					"end":	12.000263,
					"seconds":	1.0001699924468994,
					"bytes":	116654080,
					"bits_per_second":	933074024.463443,
					"retransmits":	45,
					"snd_cwnd":	478380,
					"rtt":	3812,
					"rttvar":	122,
					"pmtu":	1500,
					"omitted":	false,
					"sender":	true
				}],
			"sum":	{
				"start":	11.000093,
				"end":	12.000263,
				"seconds":	1.0001699924468994,
				"bytes":	116654080,
				"bits_per_second":	933074024.463443,
				"retransmits":	45,
				"omitted":	false,
				"sender":	true
			}
		}, {
			"streams":	[{
					"socket":	5,
					"start":	12.000263,
					"end":	13.00009,
					"seconds":	0.99982702732086182,
					"bytes":	115343360,
					"bits_per_second":	922906517.61294556,
					"retransmits":	0,
					"snd_cwnd":	638316,