{
	"start":	{
		"connected":	[{
				"socket":	5,
				"local_host":	"192.0.0.2",
				"local_port":	49196,
				"remote_host":	"192.0.0.171",
				"remote_port":	5201
			}],
		"version":	"iperf 3.9",
		"system_info":	"Linux ace-3 5.15.0-151-generic #161-Ubuntu SMP Tue Jul 22 14:25:40 UTC 2025 x86_64",
		"timestamp":	{
			"time":	"Wed, 27 Aug 2025 15:53:30 GMT",
			"timesecs":	1756310010
		},
		"connecting_to":	{
			"host":	"192.0.0.171",
			"port":	5201
		},
		"cookie":	"pcvmnij64zuuddivtn4hz3lxizyzvy4k6hla",
		"tcp_mss_default":	1428,
		"sock_bufsize":	0,
		"sndbuf_actual":	16384,
		"rcvbuf_actual":	131072,
		"test_start":	{
			"protocol":	"TCP",
			"num_streams":	1,
			"blksize":	131072,
			"omit":	0,
			"duration":	30,
			"bytes":	0,
			"blocks":	0,
			"reverse":	0,
			"tos":	0
		}
	},
	"intervals":	[{
			"streams":	[{
					"socket":	5,
					"start":	0,
					"end":	1.000059,
					"seconds":	1.0000590085983276,
					"bytes":	119234520,
					"bits_per_second":	953819876.426035,
					"retransmits":	135,
					"snd_cwnd":	526932,
					"rtt":	4216,
					"rttvar":	142,
					"pmtu":	1500,
					"omitted":	false,
					"sender":	true
				}],
			"sum":	{
				"start":	0,
				"end":	1.000059,
				"seconds":	1.0000590085983276,
				"bytes":	119234520,
				"bits_per_second":	953819876.426035,
				"retransmits":	135,
				"omitted":	false,
				"sender":	true
			}
		}, {
			"streams":	[{
					"socket":	5,
					"start":	1.000059,
					"end":	2.00006,
					"seconds":	1.0000009536743164,
					"bytes":	116654080,
					"bits_per_second":	933231750.00084877,
					"retransmits":	0,
					"snd_cwnd":	676872,
					"rtt":	5518,
					"rttvar":	98,
					"pmtu":	1500,
					"omitted":	false,
					"sender":	true
				}],
			"sum":	{
				"start":	1.000059,
				"end":	2.00006,
				"seconds":	1.0000009536743164,
				"bytes":	116654080,
				"bits_per_second":	933231750.00084877,
				"retransmits":	0,
				"omitted":	false,
				"sender":	true
			}
		}, {
			"streams":	[{
					"socket":	5,
					"start":	2.00006,
					"end":	3.000089,
					"seconds":	1.0000289678573608,
					"bytes":	115343360,
					"bits_per_second":	922720150.77428842,
					"retransmits":	45,
					"snd_cwnd":	621180,
					"rtt":	5045,
					"rttvar":	59,
					"pmtu":	1500,
					"omitted":	false,
					"sender":	true
				}],
			"sum":	{
				"start":	2.00006,
				"end":	3.000089,
				"seconds":	1.0000289678573608,
				"bytes":	115343360,
				"bits_per_second":	922720150.77428842,
				"retransmits":	45,
				"omitted":	false,
				"sender":	true
			}
		}, {
			"streams":	[{
					"socket":	5,
					"start":	3.000089,
					"end":	4.00006,
					"seconds":	0.99997097253799438,
					"bytes":	116654080,
					"bits_per_second":	933259730.16135859,
					"retransmits":	45,
					"snd_cwnd":	564060,
					"rtt":	4550,
					"rttvar":	61,
					"pmtu":	1500,
					"omitted":	false,
					"sender":	true
				}],
			"sum":	{
				"start":	3.000089,
				"end":	4.00006,
				"seconds":	0.99997097253799438,
				"bytes":	116654080,
				"bits_per_second":	933259730.16135859,
				"retransmits":	45,
				"omitted":	false,
				"sender":	true
			}
		}, {
			"streams":	[{
					"socket":	5,
					"start":	4.00006,
					"end":	5.000091,
					"seconds":	1.0000309944152832,
					"bytes":	115343360,
					"bits_per_second":	922718280.886413,
					"retransmits":	45,
					"snd_cwnd":	499800,
					"rtt":	4051,
					"rttvar":	91,
					"pmtu":	1500,
					"omitted":	false,
					"sender":	true
				}],
			"sum":	{
				"start":	4.00006,
				"end":	5.000091,
				"seconds":	1.0000309944152832,
				"bytes":	115343360,
				"bits_per_second":	922718280.886413,
				"retransmits":	45,
				"omitted":	false,
				"sender":	true
			}
		}, {
			"streams":	[{
					"socket":	5,
					"start":	5.000091,
					"end":	6.000061,
					"seconds":	0.999970018863678,
					"bytes":	116654080,
					"bits_per_second":	933260620.21387863,
					"retransmits":	0,
					"snd_cwnd":	652596,
					"rtt":	5372,
					"rttvar":	101,
					"pmtu":	1500,
					"omitted":	false,
					"sender":	true
				}],
			"sum":	{
				"start":	5.000091,
				"end":	6.000061,
				"seconds":	0.999970018863678,
				"bytes":	116654080,
				"bits_per_second":	933260620.21387863,
				"retransmits":	0,
				"omitted":	false,
				"sender":	true
			}
		}, {
			"streams":	[{
					"socket":	5,
					"start":	6.000061,
					"end":	7.000091,
					"seconds":	1.0000300407409668,
					"bytes":	115343360,
					"bits_per_second":	922719160.83270431,
					"retransmits":	45,
					"snd_cwnd":	601188,
					"rtt":	4948,
					"rttvar":	120,
					"pmtu":	1500,
					"omitted":	false,
					"sender":	true
				}],
			"sum":	{
				"start":	6.000061,
				"end":	7.000091,
				"seconds":	1.0000300407409668,
				"bytes":	115343360,
				"bits_per_second":	922719160.83270431,
				"retransmits":	45,
				"omitted":	false,
				"sender":	true
			}
		}, {
			"streams":	[{
					"socket":	5,
					"start":	7.000091,
					"end":	8.00006,
					"seconds":	0.9999690055847168,
					"bytes":	116654080,
					"bits_per_second":	933261565.89654124,
					"retransmits":	45,
					"snd_cwnd":	539784,
					"rtt":	4475,
					"rttvar":	128,
					"pmtu":	1500,
					"omitted":	false,
					"sender":	true
				}],
			"sum":	{
				"start":	7.000091,
				"end":	8.00006,
				"seconds":	0.9999690055847168,
				"bytes":	116654080,
				"bits_per_second":	933261565.89654124,
				"retransmits":	45,
				"omitted":	false,
				"sender":	true
			}
		}, {
			"streams":	[{
					"socket":	5,
					"start":	8.00006,
					"end":	9.00013,
					"seconds":	1.0000699758529663,
					"bytes":	116654080,
					"bits_per_second":	933167340.819366,
					"retransmits":	0,
					"snd_cwnd":	682584,
					"rtt":	5625,
					"rttvar":	154,
					"pmtu":	1500,
					"omitted":	false,
					"sender":	true
				}],
			"sum":	{
				"start":	8.00006,
				"end":	9.00013,
				"seconds":	1.0000699758529663,
				"bytes":	116654080,
				"bits_per_second":	933167340.819366,
				"retransmits":	0,
				"omitted":	false,
				"sender":	true
			}
		}, {
			"streams":	[{
					"socket":	5,
					"start":	9.00013,
					"end":	10.00009,
					"seconds":	0.99996000528335571,
					"bytes":	115343360,
					"bits_per_second":	922783786.476064,
					"retransmits":	45,
					"snd_cwnd":	628320,
					"rtt":	5152,
					"rttvar":	159,
					"pmtu":	1500,
					"omitted":	false,
					"sender":	true
				}],
			"sum":	{
				"start":	9.00013,
				"end":	10.00009,
				"seconds":	0.99996000528335571,
				"bytes":	115343360,
				"bits_per_second":	922783786.476064,
				"retransmits":	45,
				"omitted":	false,
				"sender":	true
			}
		}, {
			"streams":	[{
					"socket":	5,
					"start":	10.00009,
					"end":	11.000059,
					"seconds":	0.9999690055847168,
					"bytes":	116654080,
					"bits_per_second":	933261565.89654124,
					"retransmits":	45,
					"snd_cwnd":	575484,
					"rtt":	4630,
					"rttvar":	162,
					"pmtu":	1500,
					"omitted":	false,
					"sender":	true
				}],
			"sum":	{
				"start":	10.00009,
				"end":	11.000059,
				"seconds":	0.9999690055847168,
				"bytes":	116654080,
				"bits_per_second":	933261565.89654124,
				"retransmits":	45,
				"omitted":	false,
				"sender":	true
			}
		}, {
			"streams":	[{
					"socket":	5,
					"start":	11.000059,
					"end":	12.000089,
					"seconds":	1.0000300407409668,
					"bytes":	115343360,
					"bits_per_second":	922719160.83270431,
					"retransmits":	45,
					"snd_cwnd":	512652,
					"rtt":	4056,
					"rttvar":	124,
					"pmtu":	1500,
					"omitted":	false,
					"sender":	true
				}],
			"sum":	{
				"start":	11.000059,
				"end":	12.000089,
				"seconds":	1.0000300407409668,
				"bytes":	115343360,
				"bits_per_second":	922719160.83270431,
				"retransmits":	45,
				"omitted":	false,
				"sender":	true
			}
		}, {
			"streams":	[{
					"socket":	5,
					"start":	12.000089,
					"end":	13.00006,
					"seconds":	0.99997097253799438,
					"bytes":	116654080,
					"bits_per_second":	933259730.16135859,
					"retransmits":	0,
					"snd_cwnd":	662592,
					"rtt":	5382,
					"rttvar":	99,
					"pmtu":	1500,