{
	"start":	{
		"connected":	[{
				"socket":	5,
				"local_host":	"fd00:64:64:5f00:20d2::100",
				"local_port":	45950,
				"remote_host":	"fd00:64:64:5f00:20d2::400",
				"remote_port":	5201
			}],
		"version":	"iperf 3.9",
		"system_info":	"Linux ace-3 5.15.0-151-generic #161-Ubuntu SMP Tue Jul 22 14:25:40 UTC 2025 x86_64",
		"timestamp":	{
			"time":	"Wed, 27 Aug 2025 15:50:59 GMT",
			"timesecs":	1756309859
		},
		"connecting_to":	{
			"host":	"fd00:64:64:5f00:20d2::400",
			"port":	5201
		},
		"cookie":	"mwzxcchpdfc4kb2vo4thzlfta2umk2xclefb",
		"tcp_mss_default":	1428,
		"sock_bufsize":	0,
		"sndbuf_actual":	16384,
		"rcvbuf_actual":	131072,
		"test_start":	{
			"protocol":	"TCP",
			"num_streams":	1,
			"blksize":	131072,
			"omit":	0,
			"duration":	30,
			"bytes":	0,
			"blocks":	0,
			"reverse":	0,
			"tos":	0
		}
	},
	"intervals":	[{
			"streams":	[{
					"socket":	5,
					"start":	0,
					"end":	1.00006,
					"seconds":	1.000059962272644,
					"bytes":	119922816,
					"bits_per_second":	959325004.69251442,
					"retransmits":	135,
					"snd_cwnd":	522648,
					"rtt":	4294,
					"rttvar":	125,
					"pmtu":	1500,
					"omitted":	false,
					"sender":	true
				}],
			"sum":	{
				"start":	0,
				"end":	1.00006,
				"seconds":	1.000059962272644,
				"bytes":	119922816,
				"bits_per_second":	959325004.69251442,
				"retransmits":	135,
				"omitted":	false,
				"sender":	true
			}
		}, {
			"streams":	[{
					"socket":	5,
					"start":	1.00006,
					"end":	2.000089,
					"seconds":	1.0000289678573608,
					"bytes":	115343360,
					"bits_per_second":	922720150.77428842,
					"retransmits":	0,
					"snd_cwnd":	674016,
					"rtt":	5565,
					"rttvar":	145,
					"pmtu":	1500,
					"omitted":	false,
					"sender":	true
				}],
			"sum":	{
				"start":	1.00006,
				"end":	2.000089,
				"seconds":	1.0000289678573608,
				"bytes":	115343360,
				"bits_per_second":	922720150.77428842,
				"retransmits":	0,
				"omitted":	false,
				"sender":	true
			}
		}, {
			"streams":	[{
					"socket":	5,
					"start":	2.000089,
					"end":	3.00006,
					"seconds":	0.99997097253799438,
					"bytes":	116654080,
					"bits_per_second":	933259730.16135859,
					"retransmits":	45,
					"snd_cwnd":	622608,
					"rtt":	5177,
					"rttvar":	147,
					"pmtu":	1500,
					"omitted":	false,
					"sender":	true
				}],
			"sum":	{
				"start":	2.000089,
				"end":	3.00006,
				"seconds":	0.99997097253799438,
				"bytes":	116654080,
				"bits_per_second":	933259730.16135859,
				"retransmits":	45,
				"omitted":	false,
				"sender":	true
			}
		}, {
			"streams":	[{
					"socket":	5,
					"start":	3.00006,
					"end":	4.000089,
					"seconds":	1.0000289678573608,
					"bytes":	115343360,
					"bits_per_second":	922720150.77428842,
					"retransmits":	45,
					"snd_cwnd":	565488,
					"rtt":	4584,
					"rttvar":	157,
					"pmtu":	1500,
					"omitted":	false,
					"sender":	true
				}],
			"sum":	{
				"start":	3.00006,
				"end":	4.000089,
				"seconds":	1.0000289678573608,
				"bytes":	115343360,
				"bits_per_second":	922720150.77428842,
				"retransmits":	45,
				"omitted":	false,
				"sender":	true
			}
		}, {
			"streams":	[{
					"socket":	5,
					"start":	4.000089,
					"end":	5.00006,
					"seconds":	0.99997097253799438,
					"bytes":	116654080,
					"bits_per_second":	933259730.16135859,
					"retransmits":	45,
					"snd_cwnd":	504084,
					"rtt":	4027,
					"rttvar":	151,
					"pmtu":	1500,
					"omitted":	false,
					"sender":	true
				}],
			"sum":	{
				"start":	4.000089,
				"end":	5.00006,
				"seconds":	0.99997097253799438,
				"bytes":	116654080,
				"bits_per_second":	933259730.16135859,
				"retransmits":	45,
				"omitted":	false,
				"sender":	true
			}
		}, {
			"streams":	[{
					"socket":	5,
					"start":	5.00006,
					"end":	6.000088,
					"seconds":	1.0000280141830444,
					"bytes":	115343360,
					"bits_per_second":	922721030.72414637,
					"retransmits":	0,
					"snd_cwnd":	659736,
					"rtt":	5309,
					"rttvar":	74,
					"pmtu":	1500,
					"omitted":	false,
					"sender":	true
				}],
			"sum":	{
				"start":	5.00006,
				"end":	6.000088,
				"seconds":	1.0000280141830444,
				"bytes":	115343360,
				"bits_per_second":	922721030.72414637,
				"retransmits":	0,
				"omitted":	false,
				"sender":	true
			}
		}, {
			"streams":	[{
					"socket":	5,
					"start":	6.000088,
					"end":	7.000089,
					"seconds":	1.0000009536743164,
					"bytes":	116654080,
					"bits_per_second":	933231750.00084877,
					"retransmits":	45,
					"snd_cwnd":	606900,
					"rtt":	4907,
					"rttvar":	59,
					"pmtu":	1500,
					"omitted":	false,
					"sender":	true
				}],
			"sum":	{
				"start":	6.000088,
				"end":	7.000089,
				"seconds":	1.0000009536743164,
				"bytes":	116654080,
				"bits_per_second":	933231750.00084877,
				"retransmits":	45,
				"omitted":	false,
				"sender":	true
			}
		}, {
			"streams":	[{
					"socket":	5,
					"start":	7.000089,
					"end":	8.00009,
					"seconds":	1.0000009536743164,
					"bytes":	115343360,
					"bits_per_second":	922746000.00083923,
					"retransmits":	45,
					"snd_cwnd":	549780,
					"rtt":	4422,
					"rttvar":	61,
					"pmtu":	1500,
					"omitted":	false,
					"sender":	true
				}],
			"sum":	{
				"start":	7.000089,
				"end":	8.00009,
				"seconds":	1.0000009536743164,
				"bytes":	115343360,
				"bits_per_second":	922746000.00083923,
				"retransmits":	45,
				"omitted":	false,
				"sender":	true
			}
		}, {
			"streams":	[{
					"socket":	5,
					"start":	8.00009,
					"end":	9.000108,
					"seconds":	1.0000180006027222,
					"bytes":	116654080,
					"bits_per_second":	933215841.55238223,
					"retransmits":	45,
					"snd_cwnd":	481236,
					"rtt":	3839,
					"rttvar":	70,
					"pmtu":	1500,
					"omitted":	false,
					"sender":	true
				}],
			"sum":	{
				"start":	8.00009,
				"end":	9.000108,
				"seconds":	1.0000180006027222,
				"bytes":	116654080,
				"bits_per_second":	933215841.55238223,
				"retransmits":	45,
				"omitted":	false,
				"sender":	true
			}
		}, {
			"streams":	[{
					"socket":	5,
					"start":	9.000108,
					"end":	10.000058,
					"seconds":	0.99994999170303345,
					"bytes":	116654080,
					"bits_per_second":	933279311.70897269,
					"retransmits":	0,
					"snd_cwnd":	639744,
					"rtt":	5228,
					"rttvar":	63,
					"pmtu":	1500,
					"omitted":	false,
					"sender":	true
				}],
			"sum":	{
				"start":	9.000108,
				"end":	10.000058,
				"seconds":	0.99994999170303345,
				"bytes":	116654080,
				"bits_per_second":	933279311.70897269,
				"retransmits":	0,
				"omitted":	false,
				"sender":	true
			}
		}, {
			"streams":	[{
					"socket":	5,
					"start":	10.000058,
					"end":	11.00009,
					"seconds":	1.0000319480895996,
					"bytes":	115343360,
					"bits_per_second":	922717400.94179964,
					"retransmits":	45,
					"snd_cwnd":	585480,
					"rtt":	4816,
					"rttvar":	116,
					"pmtu":	1500,
					"omitted":	false,
					"sender":	true
				}],
			"sum":	{
				"start":	10.000058,
				"end":	11.00009,
				"seconds":	1.0000319480895996,
				"bytes":	115343360,
				"bits_per_second":	922717400.94179964,
				"retransmits":	45,
				"omitted":	false,
				"sender":	true
			}
		}, {
			"streams":	[{
					"socket":	5,
					"start":	11.00009,
					"end":	12.00006,
					"seconds":	0.999970018863678,
					"bytes":	116654080,
					"bits_per_second":	933260620.21387863,
					"retransmits":	45,
					"snd_cwnd":	529788,
					"rtt":	4293,
					"rttvar":	117,
					"pmtu":	1500,
					"omitted":	false,
					"sender":	true
				}],
			"sum":	{
				"start":	11.00009,
				"end":	12.00006,
				"seconds":	0.999970018863678,
				"bytes":	116654080,
				"bits_per_second":	933260620.21387863,
				"retransmits":	45,
				"omitted":	false,
				"sender":	true
			}
		}, {
			"streams":	[{
					"socket":	5,
					"start":	12.00006,
					"end":	13.00009,
					"seconds":	1.0000300407409668,
					"bytes":	115343360,
					"bits_per_second":	922719160.83270431,
					"retransmits":	0,
					"snd_cwnd":	676872,
					"rtt":	5662,