{
	"start":	{
		"connected":	[{
				"socket":	5,
				"local_host":	"192.0.0.2",
				"local_port":	36148,
				"remote_host":	"192.0.0.171",
				"remote_port":	5201
			}],
		"version":	"iperf 3.9",
		"system_info":	"Linux ace-3 5.15.0-151-generic #161-Ubuntu SMP Tue Jul 22 14:25:40 UTC 2025 x86_64",
		"timestamp":	{
			"time":	"Wed, 27 Aug 2025 15:58:30 GMT",
			"timesecs":	1756310310
		},
		"connecting_to":	{
			"host":	"192.0.0.171",
			"port":	5201
		},
		"cookie":	"ojumh2teojhg2qwxr6w5zuqdiaud22hcn22l",
		"tcp_mss_default":	1428,
		"sock_bufsize":	0,
		"sndbuf_actual":	16384,
		"rcvbuf_actual":	131072,
		"test_start":	{
			"protocol":	"TCP",
			"num_streams":	1,
			"blksize":	131072,
			"omit":	0,
			"duration":	30,
			"bytes":	0,
			"blocks":	0,
			"reverse":	0,
			"tos":	0
		}
	},
	"intervals":	[{
			"streams":	[{
					"socket":	5,
					"start":	0,
					"end":	1.000066,
					"seconds":	1.0000660419464111,
					"bytes":	118806304,
					"bits_per_second":	950387666.548656,
					"retransmits":	3,
					"snd_cwnd":	518364,
					"rtt":	4294,
					"rttvar":	138,
					"pmtu":	1500,
					"omitted":	false,
					"sender":	true
				}],
			"sum":	{
				"start":	0,
				"end":	1.000066,
				"seconds":	1.0000660419464111,
				"bytes":	118806304,
				"bits_per_second":	950387666.548656,
				"retransmits":	3,
				"omitted":	false,
				"sender":	true
			}
		}, {
			"streams":	[{
					"socket":	5,
					"start":	1.000066,
					"end":	2.000084,
					"seconds":	1.0000180006027222,
					"bytes":	116654080,
					"bits_per_second":	933215841.55238223,
					"retransmits":	0,
					"snd_cwnd":	666876,
					"rtt":	5438,
					"rttvar":	173,
					"pmtu":	1500,
					"omitted":	false,
					"sender":	true
				}],
			"sum":	{
				"start":	1.000066,
				"end":	2.000084,
				"seconds":	1.0000180006027222,
				"bytes":	116654080,
				"bits_per_second":	933215841.55238223,
				"retransmits":	0,
				"omitted":	false,
				"sender":	true
			}
		}, {
			"streams":	[{
					"socket":	5,
					"start":	2.000084,
					"end":	3.000058,
					"seconds":	0.999974012374878,
					"bytes":	116654080,
					"bits_per_second":	933256893.13028121,
					"retransmits":	1,
					"snd_cwnd":	608328,
					"rtt":	4948,
					"rttvar":	157,
					"pmtu":	1500,
					"omitted":	false,
					"sender":	true
				}],
			"sum":	{
				"start":	2.000084,
				"end":	3.000058,
				"seconds":	0.999974012374878,
				"bytes":	116654080,
				"bits_per_second":	933256893.13028121,
				"retransmits":	1,
				"omitted":	false,
				"sender":	true
			}
		}, {
			"streams":	[{
					"socket":	5,
					"start":	3.000058,
					"end":	4.000059,
					"seconds":	1.0000009536743164,
					"bytes":	115343360,
					"bits_per_second":	922746000.00083923,
					"retransmits":	1,
					"snd_cwnd":	538356,
					"rtt":	4306,
					"rttvar":	132,
					"pmtu":	1500,
					"omitted":	false,
					"sender":	true
				}],
			"sum":	{
				"start":	3.000058,
				"end":	4.000059,
				"seconds":	1.0000009536743164,
				"bytes":	115343360,
				"bits_per_second":	922746000.00083923,
				"retransmits":	1,
				"omitted":	false,
				"sender":	true
			}
		}, {
			"streams":	[{
					"socket":	5,
					"start":	4.000059,
					"end":	5.000059,
					"seconds":	1,
					"bytes":	116654080,
					"bits_per_second":	933232640,
					"retransmits":	0,
					"snd_cwnd":	682584,
					"rtt":	5524,
					"rttvar":	54,
					"pmtu":	1500,
					"omitted":	false,
					"sender":	true
				}],
			"sum":	{
				"start":	4.000059,
				"end":	5.000059,
				"seconds":	1,
				"bytes":	116654080,
				"bits_per_second":	933232640,
				"retransmits":	0,
				"omitted":	false,
				"sender":	true
			}
		}, {
			"streams":	[{
					"socket":	5,
					"start":	5.000059,
					"end":	6.000061,
					"seconds":	1.0000020265579224,
					"bytes":	115343360,
					"bits_per_second":	922745010.00378966,
					"retransmits":	1,
					"snd_cwnd":	625464,
					"rtt":	5070,
					"rttvar":	72,
					"pmtu":	1500,
					"omitted":	false,
					"sender":	true
				}],
			"sum":	{
				"start":	5.000059,
				"end":	6.000061,
				"seconds":	1.0000020265579224,
				"bytes":	115343360,
				"bits_per_second":	922745010.00378966,
				"retransmits":	1,
				"omitted":	false,
				"sender":	true
			}
		}, {
			"streams":	[{
					"socket":	5,
					"start":	6.000061,
					"end":	7.000059,
					"seconds":	0.99999797344207764,
					"bytes":	116654080,
					"bits_per_second":	933234531.2538327,
					"retransmits":	1,
					"snd_cwnd":	566916,
					"rtt":	4575,
					"rttvar":	75,
					"pmtu":	1500,
					"omitted":	false,
					"sender":	true
				}],
			"sum":	{
				"start":	6.000061,
				"end":	7.000059,
				"seconds":	0.99999797344207764,
				"bytes":	116654080,
				"bits_per_second":	933234531.2538327,
				"retransmits":	1,
				"omitted":	false,
				"sender":	true
			}
		}, {
			"streams":	[{
					"socket":	5,
					"start":	7.000059,
					"end":	8.000059,
					"seconds":	1,
					"bytes":	115343360,
					"bits_per_second":	922746880,
					"retransmits":	1,
					"snd_cwnd":	498372,
					"rtt":	3945,
					"rttvar":	135,
					"pmtu":	1500,
					"omitted":	false,
					"sender":	true
				}],
			"sum":	{
				"start":	7.000059,
				"end":	8.000059,
				"seconds":	1,
				"bytes":	115343360,
				"bits_per_second":	922746880,
				"retransmits":	1,
				"omitted":	false,
				"sender":	true
			}
		}, {
			"streams":	[{
					"socket":	5,
					"start":	8.000059,
					"end":	9.000059,
					"seconds":	1,
					"bytes":	116654080,
					"bits_per_second":	933232640,
					"retransmits":	0,
					"snd_cwnd":	651168,
					"rtt":	5271,
					"rttvar":	84,
					"pmtu":	1500,
					"omitted":	false,
					"sender":	true
				}],
			"sum":	{
				"start":	8.000059,
				"end":	9.000059,
				"seconds":	1,
				"bytes":	116654080,
				"bits_per_second":	933232640,
				"retransmits":	0,
				"omitted":	false,
				"sender":	true
			}
		}, {
			"streams":	[{
					"socket":	5,
					"start":	9.000059,
					"end":	10.000059,
					"seconds":	1,
					"bytes":	115343360,
					"bits_per_second":	922746880,
					"retransmits":	1,
					"snd_cwnd":	591192,
					"rtt":	4778,
					"rttvar":	45,
					"pmtu":	1500,
					"omitted":	false,
					"sender":	true
				}],
			"sum":	{
				"start":	9.000059,
				"end":	10.000059,
				"seconds":	1,
				"bytes":	115343360,
				"bits_per_second":	922746880,
				"retransmits":	1,
				"omitted":	false,
				"sender":	true
			}
		}, {
			"streams":	[{
					"socket":	5,
					"start":	10.000059,
					"end":	11.000059,
					"seconds":	1,
					"bytes":	116654080,
					"bits_per_second":	933232640,
					"retransmits":	1,
					"snd_cwnd":	521220,
					"rtt":	4139,
					"rttvar":	54,
					"pmtu":	1500,
					"omitted":	false,
					"sender":	true
				}],
			"sum":	{
				"start":	10.000059,
				"end":	11.000059,
				"seconds":	1,
				"bytes":	116654080,
				"bits_per_second":	933232640,
				"retransmits":	1,
				"omitted":	false,
				"sender":	true
			}
		}, {
			"streams":	[{
					"socket":	5,
					"start":	11.000059,
					"end":	12.000061,
					"seconds":	1.0000020265579224,
					"bytes":	115343360,
					"bits_per_second":	922745010.00378966,
					"retransmits":	0,
					"snd_cwnd":	669732,
					"rtt":	5446,
					"rttvar":	85,
					"pmtu":	1500,
					"omitted":	false,
					"sender":	true
				}],
			"sum":	{
				"start":	11.000059,
				"end":	12.000061,
				"seconds":	1.0000020265579224,
				"bytes":	115343360,
				"bits_per_second":	922745010.00378966,
				"retransmits":	0,
				"omitted":	false,
				"sender":	true
			}
		}, {
			"streams":	[{
					"socket":	5,
					"start":	12.000061,
					"end":	13.00006,
					"seconds":	0.99999898672103882,
					"bytes":	116654080,
					"bits_per_second":	933233585.6259582,
					"retransmits":	1,
					"snd_cwnd":	614040,
					"rtt":	5038,
					"rttvar":	77,
					"pmtu":	1500,
					"omitted":	false,
					"sender":	true
				}],
			"sum":	{
				"start":	12.000061,
				"end":	13.00006,
				"seconds":	0.99999898672103882,
				"bytes":	116654080,
				"bits_per_second":	933233585.6259582,
				"retransmits":	1,
				"omitted":	false,