{
	"start":	{
		"connected":	[{
				"socket":	5,
				"local_host":	"fd00:64:64:5f00:20d2::200",
				"local_port":	35516,
				"remote_host":	"fd00:64:64:5f00:20d2::400",
				"remote_port":	5201
			}],
		"version":	"iperf 3.9",
		"system_info":	"Linux ace-3 5.15.0-151-generic #161-Ubuntu SMP Tue Jul 22 14:25:40 UTC 2025 x86_64",
		"timestamp":	{
			"time":	"Wed, 27 Aug 2025 16:01:01 GMT",
			"timesecs":	1756310461
		},
		"connecting_to":	{
			"host":	"fd00:64:64:5f00:20d2::400",
			"port":	5201
		},
		"cookie":	"5glzyoqvmtbbjxjzgbtymz3sekfjwnf3ka6b",
		"tcp_mss_default":	1428,
		"sock_bufsize":	0,
		"sndbuf_actual":	16384,
		"rcvbuf_actual":	131072,
		"test_start":	{
			"protocol":	"TCP",
			"num_streams":	1,
			"blksize":	131072,
			"omit":	0,
			"duration":	30,
			"bytes":	0,
			"blocks":	0,
			"reverse":	0,
			"tos":	0
		}
	},
	"intervals":	[{
			"streams":	[{
					"socket":	5,
					"start":	0,
					"end":	1.00006,
					"seconds":	1.000059962272644,
					"bytes":	119925672,
					"bits_per_second":	959347851.32257855,
					"retransmits":	135,
					"snd_cwnd":	526932,
					"rtt":	4225,
					"rttvar":	58,
					"pmtu":	1500,
					"omitted":	false,
					"sender":	true
				}],
			"sum":	{
				"start":	0,
				"end":	1.00006,
				"seconds":	1.000059962272644,
				"bytes":	119925672,
				"bits_per_second":	959347851.32257855,
				"retransmits":	135,
				"omitted":	false,
				"sender":	true
			}
		}, {
			"streams":	[{
					"socket":	5,
					"start":	1.00006,
					"end":	2.000093,
					"seconds":	1.0000330209732056,
					"bytes":	115343360,
					"bits_per_second":	922716411.00611579,
					"retransmits":	0,
					"snd_cwnd":	674016,
					"rtt":	5540,
					"rttvar":	90,
					"pmtu":	1500,
					"omitted":	false,
					"sender":	true
				}],
			"sum":	{
				"start":	1.00006,
				"end":	2.000093,
				"seconds":	1.0000330209732056,
				"bytes":	115343360,
				"bits_per_second":	922716411.00611579,
				"retransmits":	0,
				"omitted":	false,
				"sender":	true
			}
		}, {
			"streams":	[{
					"socket":	5,
					"start":	2.000093,
					"end":	3.000059,
					"seconds":	0.999966025352478,
					"bytes":	116654080,
					"bits_per_second":	933264347.32724524,
					"retransmits":	45,
					"snd_cwnd":	622608,
					"rtt":	5065,
					"rttvar":	100,
					"pmtu":	1500,
					"omitted":	false,
					"sender":	true
				}],
			"sum":	{
				"start":	2.000093,
				"end":	3.000059,
				"seconds":	0.999966025352478,
				"bytes":	116654080,
				"bits_per_second":	933264347.32724524,
				"retransmits":	45,
				"omitted":	false,
				"sender":	true
			}
		}, {
			"streams":	[{
					"socket":	5,
					"start":	3.000059,
					"end":	4.000093,
					"seconds":	1.000033974647522,
					"bytes":	115343360,
					"bits_per_second":	922715531.065069,
					"retransmits":	45,
					"snd_cwnd":	562632,
					"rtt":	4656,
					"rttvar":	123,
					"pmtu":	1500,
					"omitted":	false,
					"sender":	true
				}],
			"sum":	{
				"start":	3.000059,
				"end":	4.000093,
				"seconds":	1.000033974647522,
				"bytes":	115343360,
				"bits_per_second":	922715531.065069,
				"retransmits":	45,
				"omitted":	false,
				"sender":	true
			}
		}, {
			"streams":	[{
					"socket":	5,
					"start":	4.000093,
					"end":	5.00008,
					"seconds":	0.999987006187439,
					"bytes":	116654080,
					"bits_per_second":	933244766.40756822,
					"retransmits":	45,
					"snd_cwnd":	498372,
					"rtt":	4114,
					"rttvar":	133,
					"pmtu":	1500,
					"omitted":	false,
					"sender":	true
				}],
			"sum":	{
				"start":	4.000093,
				"end":	5.00008,
				"seconds":	0.999987006187439,
				"bytes":	116654080,
				"bits_per_second":	933244766.40756822,
				"retransmits":	45,
				"omitted":	false,
				"sender":	true
			}
		}, {
			"streams":	[{
					"socket":	5,
					"start":	5.00008,
					"end":	6.000061,
					"seconds":	0.99998098611831665,
					"bytes":	115343360,
					"bits_per_second":	922764425.333605,
					"retransmits":	0,
					"snd_cwnd":	651168,
					"rtt":	5454,
					"rttvar":	141,
					"pmtu":	1500,
					"omitted":	false,
					"sender":	true
				}],
			"sum":	{
				"start":	5.00008,
				"end":	6.000061,
				"seconds":	0.99998098611831665,
				"bytes":	115343360,
				"bits_per_second":	922764425.333605,
				"retransmits":	0,
				"omitted":	false,
				"sender":	true
			}
		}, {
			"streams":	[{
					"socket":	5,
					"start":	6.000061,
					"end":	7.000072,
					"seconds":	1.0000109672546387,
					"bytes":	116654080,
					"bits_per_second":	933222405.11224866,
					"retransmits":	45,
					"snd_cwnd":	596904,
					"rtt":	4881,
					"rttvar":	159,
					"pmtu":	1500,
					"omitted":	false,
					"sender":	true
				}],
			"sum":	{
				"start":	6.000061,
				"end":	7.000072,
				"seconds":	1.0000109672546387,
				"bytes":	116654080,
				"bits_per_second":	933222405.11224866,
				"retransmits":	45,
				"omitted":	false,
				"sender":	true
			}
		}, {
			"streams":	[{
					"socket":	5,
					"start":	7.000072,
					"end":	8.000062,
					"seconds":	0.99998998641967773,
					"bytes":	115343360,
					"bits_per_second":	922756120.09252644,
					"retransmits":	45,
					"snd_cwnd":	536928,
					"rtt":	4312,
					"rttvar":	157,
					"pmtu":	1500,
					"omitted":	false,
					"sender":	true
				}],
			"sum":	{
				"start":	7.000072,
				"end":	8.000062,
				"seconds":	0.99998998641967773,
				"bytes":	115343360,
				"bits_per_second":	922756120.09252644,
				"retransmits":	45,
				"omitted":	false,
				"sender":	true
			}
		}, {
			"streams":	[{
					"socket":	5,
					"start":	8.000062,
					"end":	9.000069,
					"seconds":	1.0000070333480835,
					"bytes":	116654080,
					"bits_per_second":	933226076.296165,
					"retransmits":	0,
					"snd_cwnd":	681156,
					"rtt":	5545,
					"rttvar":	151,
					"pmtu":	1500,
					"omitted":	false,
					"sender":	true
				}],
			"sum":	{
				"start":	8.000062,
				"end":	9.000069,
				"seconds":	1.0000070333480835,
				"bytes":	116654080,
				"bits_per_second":	933226076.296165,
				"retransmits":	0,
				"omitted":	false,
				"sender":	true
			}
		}, {
			"streams":	[{
					"socket":	5,
					"start":	9.000069,
					"end":	10.000057,
					"seconds":	0.9999880194664,
					"bytes":	116654080,
					"bits_per_second":	933243820.75895143,
					"retransmits":	45,
					"snd_cwnd":	631176,
					"rtt":	5108,
					"rttvar":	134,
					"pmtu":	1500,
					"omitted":	false,
					"sender":	true
				}],
			"sum":	{
				"start":	9.000069,
				"end":	10.000057,
				"seconds":	0.9999880194664,
				"bytes":	116654080,
				"bits_per_second":	933243820.75895143,
				"retransmits":	45,
				"omitted":	false,
				"sender":	true
			}
		}, {
			"streams":	[{
					"socket":	5,
					"start":	10.000057,
					"end":	11.000089,
					"seconds":	1.0000319480895996,
					"bytes":	115343360,
					"bits_per_second":	922717400.94179964,
					"retransmits":	45,
					"snd_cwnd":	575484,
					"rtt":	4642,
					"rttvar":	60,
					"pmtu":	1500,
					"omitted":	false,
					"sender":	true
				}],
			"sum":	{
				"start":	10.000057,
				"end":	11.000089,
				"seconds":	1.0000319480895996,
				"bytes":	115343360,
				"bits_per_second":	922717400.94179964,
				"retransmits":	45,
				"omitted":	false,
				"sender":	true
			}
		}, {
			"streams":	[{
					"socket":	5,
					"start":	11.000089,
					"end":	12.000059,
					"seconds":	0.999970018863678,
					"bytes":	116654080,
					"bits_per_second":	933260620.21387863,
					"retransmits":	45,
					"snd_cwnd":	512652,
					"rtt":	4102,
					"rttvar":	58,
					"pmtu":	1500,
					"omitted":	false,
					"sender":	true
				}],
			"sum":	{
				"start":	11.000089,
				"end":	12.000059,
				"seconds":	0.999970018863678,
				"bytes":	116654080,
				"bits_per_second":	933260620.21387863,
				"retransmits":	45,
				"omitted":	false,
				"sender":	true
			}
		}, {
			"streams":	[{
					"socket":	5,
					"start":	12.000059,
					"end":	13.00009,
					"seconds":	1.0000309944152832,
					"bytes":	115343360,
					"bits_per_second":	922718280.886413,
					"retransmits":	0,
					"snd_cwnd":	662592,
					"rtt":	5404,