{
	"start":	{
		"connected":	[{
				"socket":	5,
				"local_host":	"fd00:64:64:5f00:20d2::301",
				"local_port":	54072,
				"remote_host":	"fd00:64:64:5f00:20d2::400",
				"remote_port":	5201
			}],
		"version":	"iperf 3.9",
		"system_info":	"Linux ace-3 5.15.0-151-generic #161-Ubuntu SMP Tue Jul 22 14:25:40 UTC 2025 x86_64",
		"timestamp":	{
			"time":	"Thu, 14 Aug 2025 13:57:13 GMT",
			"timesecs":	1755179833
		},
		"connecting_to":	{
			"host":	"fd00:64:64:5f00:20d2::400",
			"port":	5201
		},
		"cookie":	"uhlktmz24xmn6t3ut5le3equbmsusri5ifmt",
		"tcp_mss_default":	1428,
		"sock_bufsize":	0,
		"sndbuf_actual":	16384,
		"rcvbuf_actual":	131072,
		"test_start":	{
			"protocol":	"TCP",
			"num_streams":	1,
			"blksize":	131072,
			"omit":	0,
			"duration":	30,
			"bytes":	0,
			"blocks":	0,
			"reverse":	0,
			"tos":	0
		}
	},
	"intervals":	[{
			"streams":	[{
					"socket":	5,
					"start":	0,
					"end":	1.000245,
					"seconds":	1.0002449750900269,
					"bytes":	4463001600,
					"bits_per_second":	35695268348.422813,
					"retransmits":	0,
					"snd_cwnd":	534072,
					"rtt":	22,
					"rttvar":	11,
					"pmtu":	1500,
					"omitted":	false,
					"sender":	true
				}],
			"sum":	{
				"start":	0,
				"end":	1.000245,
				"seconds":	1.0002449750900269,
				"bytes":	4463001600,
				"bits_per_second":	35695268348.422813,
				"retransmits":	0,
				"omitted":	false,
				"sender":	true
			}
		}, {
			"streams":	[{
					"socket":	5,
					"start":	1.000245,
					"end":	2.000266,
					"seconds":	1.0000209808349609,
					"bytes":	4490526720,
					"bits_per_second":	35923460055.813347,
					"retransmits":	0,
					"snd_cwnd":	534072,
					"rtt":	21,
					"rttvar":	11,
					"pmtu":	1500,
					"omitted":	false,
					"sender":	true
				}],
			"sum":	{
				"start":	1.000245,
				"end":	2.000266,
				"seconds":	1.0000209808349609,
				"bytes":	4490526720,
				"bits_per_second":	35923460055.813347,
				"retransmits":	0,
				"omitted":	false,
				"sender":	true
			}
		}, {
			"streams":	[{
					"socket":	5,
					"start":	2.000266,
					"end":	3.00028,
					"seconds":	1.0000139474868774,
					"bytes":	4477419520,
					"bits_per_second":	35818856576.967926,
					"retransmits":	0,
					"snd_cwnd":	534072,
					"rtt":	21,
					"rttvar":	11,
					"pmtu":	1500,
					"omitted":	false,
					"sender":	true
				}],
			"sum":	{
				"start":	2.000266,
				"end":	3.00028,
				"seconds":	1.0000139474868774,
				"bytes":	4477419520,
				"bits_per_second":	35818856576.967926,
				"retransmits":	0,
				"omitted":	false,
				"sender":	true
			}
		}, {
			"streams":	[{
					"socket":	5,
					"start":	3.00028,
					"end":	4.000183,
					"seconds":	0.99990302324295044,
					"bytes":	4483973120,
					"bits_per_second":	35875264026.7636,
					"retransmits":	0,
					"snd_cwnd":	534072,
					"rtt":	21,
					"rttvar":	10,
					"pmtu":	1500,
					"omitted":	false,
					"sender":	true
				}],
			"sum":	{
				"start":	3.00028,
				"end":	4.000183,
				"seconds":	0.99990302324295044,
				"bytes":	4483973120,
				"bits_per_second":	35875264026.7636,
				"retransmits":	0,
				"omitted":	false,
				"sender":	true
			}
		}, {
			"streams":	[{
					"socket":	5,
					"start":	4.000183,
					"end":	5.000271,
					"seconds":	1.0000879764556885,
					"bytes":	4448583680,
					"bits_per_second":	35585538750.426971,
					"retransmits":	0,
					"snd_cwnd":	534072,
					"rtt":	22,
					"rttvar":	10,
					"pmtu":	1500,
					"omitted":	false,
					"sender":	true
				}],
			"sum":	{
				"start":	4.000183,
				"end":	5.000271,
				"seconds":	1.0000879764556885,
				"bytes":	4448583680,
				"bits_per_second":	35585538750.426971,
				"retransmits":	0,
				"omitted":	false,
				"sender":	true
			}
		}, {
			"streams":	[{
					"socket":	5,
					"start":	5.000271,
					"end":	6.000119,
					"seconds":	0.99984800815582275,
					"bytes":	4489216000,
					"bits_per_second":	35919187423.537849,
					"retransmits":	0,
					"snd_cwnd":	534072,
					"rtt":	22,
					"rttvar":	10,
					"pmtu":	1500,
					"omitted":	false,
					"sender":	true
				}],
			"sum":	{
				"start":	5.000271,
				"end":	6.000119,
				"seconds":	0.99984800815582275,
				"bytes":	4489216000,
				"bits_per_second":	35919187423.537849,
				"retransmits":	0,
				"omitted":	false,
				"sender":	true
			}
		}, {
			"streams":	[{
					"socket":	5,
					"start":	6.000119,
					"end":	7.000146,
					"seconds":	1.0000269412994385,
					"bytes":	4498391040,
					"bits_per_second":	35986158806.119965,
					"retransmits":	0,
					"snd_cwnd":	534072,
					"rtt":	24,
					"rttvar":	10,
					"pmtu":	1500,
					"omitted":	false,
					"sender":	true
				}],
			"sum":	{
				"start":	6.000119,
				"end":	7.000146,
				"seconds":	1.0000269412994385,
				"bytes":	4498391040,
				"bits_per_second":	35986158806.119965,
				"retransmits":	0,
				"omitted":	false,
				"sender":	true
			}
		}, {
			"streams":	[{
					"socket":	5,
					"start":	7.000146,
					"end":	8.000256,
					"seconds":	1.0001100301742554,
					"bytes":	4465623040,
					"bits_per_second":	35721053926.211914,
					"retransmits":	0,
					"snd_cwnd":	534072,
					"rtt":	22,
					"rttvar":	11,
					"pmtu":	1500,
					"omitted":	false,
					"sender":	true
				}],
			"sum":	{
				"start":	7.000146,
				"end":	8.000256,
				"seconds":	1.0001100301742554,
				"bytes":	4465623040,
				"bits_per_second":	35721053926.211914,
				"retransmits":	0,
				"omitted":	false,
				"sender":	true
			}
		}, {
			"streams":	[{
					"socket":	5,
					"start":	8.000256,
					"end":	9.000244,
					"seconds":	0.9999880194664,
					"bytes":	4510187520,
					"bits_per_second":	36081932440.803955,
					"retransmits":	0,
					"snd_cwnd":	534072,
					"rtt":	20,
					"rttvar":	10,
					"pmtu":	1500,
					"omitted":	false,
					"sender":	true
				}],
			"sum":	{
				"start":	8.000256,
				"end":	9.000244,
				"seconds":	0.9999880194664,
				"bytes":	4510187520,
				"bits_per_second":	36081932440.803955,
				"retransmits":	0,
				"omitted":	false,
				"sender":	true
			}
		}, {
			"streams":	[{
					"socket":	5,
					"start":	9.000244,
					"end":	10.000024,
					"seconds":	0.999779999256134,
					"bytes":	4497080320,
					"bits_per_second":	35984559189.789444,
					"retransmits":	0,
					"snd_cwnd":	534072,
					"rtt":	24,
					"rttvar":	10,
					"pmtu":	1500,
					"omitted":	false,
					"sender":	true
				}],
			"sum":	{
				"start":	9.000244,
				"end":	10.000024,
				"seconds":	0.999779999256134,
				"bytes":	4497080320,
				"bits_per_second":	35984559189.789444,
				"retransmits":	0,
				"omitted":	false,
				"sender":	true
			}
		}, {
			"streams":	[{
					"socket":	5,
					"start":	10.000024,
					"end":	11.000158,
					"seconds":	1.0001339912414551,
					"bytes":	4497080320,
					"bits_per_second":	35971822650.825615,
					"retransmits":	0,
					"snd_cwnd":	534072,
					"rtt":	22,
					"rttvar":	10,
					"pmtu":	1500,
					"omitted":	false,
					"sender":	true
				}],
			"sum":	{
				"start":	10.000024,
				"end":	11.000158,
				"seconds":	1.0001339912414551,
				"bytes":	4497080320,
				"bits_per_second":	35971822650.825615,
				"retransmits":	0,
				"omitted":	false,
				"sender":	true
			}
		}, {
			"streams":	[{
					"socket":	5,
					"start":	11.000158,
					"end":	12.000271,
					"seconds":	1.0001130104064941,
					"bytes":	4503633920,
					"bits_per_second":	36025000160.087959,
					"retransmits":	0,
					"snd_cwnd":	534072,
					"rtt":	21,
					"rttvar":	10,
					"pmtu":	1500,
					"omitted":	false,
					"sender":	true
				}],
			"sum":	{
				"start":	11.000158,
				"end":	12.000271,
				"seconds":	1.0001130104064941,
				"bytes":	4503633920,
				"bits_per_second":	36025000160.087959,
				"retransmits":	0,
				"omitted":	false,
				"sender":	true
			}
		}, {
			"streams":	[{
					"socket":	5,
					"start":	12.000271,
					"end":	13.00002,
					"seconds":	0.99974900484085083,
					"bytes":	4502323200,
					"bits_per_second":	36027628360.314064,
					"retransmits":	0,
					"snd_cwnd":	534072,
					"rtt":	27,
					"rttvar":	12,