{
	"start":	{
		"connected":	[{
				"socket":	5,
				"local_host":	"192.0.0.2",
				"local_port":	36148,
				"remote_host":	"192.0.0.171",
				"remote_port":	5201
			}],
		"version":	"iperf 3.9",
		"system_info":	"Linux ace-3 5.15.0-151-generic #161-Ubuntu SMP Tue Jul 22 14:25:40 UTC 2025 x86_64",
		"timestamp":	{
			"time":	"Thu, 14 Aug 2025 13:54:43 GMT",
			"timesecs":	1755179683
		},
		"connecting_to":	{
			"host":	"192.0.0.171",
			"port":	5201
		},
		"cookie":	"4y6wo3jq57d4zgcfs7vyosxypl6fbdhtmyp4",
		"tcp_mss_default":	1428,
		"sock_bufsize":	0,
		"sndbuf_actual":	16384,
		"rcvbuf_actual":	131072,
		"test_start":	{
			"protocol":	"TCP",
			"num_streams":	1,
			"blksize":	131072,
			"omit":	0,
			"duration":	30,
			"bytes":	0,
			"blocks":	0,
			"reverse":	0,
			"tos":	0
		}
	},
	"intervals":	[{
			"streams":	[{
					"socket":	5,
					"start":	0,
					"end":	1.000283,
					"seconds":	1.0002830028533936,
					"bytes":	4237557760,
					"bits_per_second":	33890870866.840691,
					"retransmits":	0,
					"snd_cwnd":	555492,
					"rtt":	24,
					"rttvar":	10,
					"pmtu":	1500,
					"omitted":	false,
					"sender":	true
				}],
			"sum":	{
				"start":	0,
				"end":	1.000283,
				"seconds":	1.0002830028533936,
				"bytes":	4237557760,
				"bits_per_second":	33890870866.840691,
				"retransmits":	0,
				"omitted":	false,
				"sender":	true
			}
		}, {
			"streams":	[{
					"socket":	5,
					"start":	1.000283,
					"end":	2.00031,
					"seconds":	1.0000269412994385,
					"bytes":	4246732800,
					"bits_per_second":	33972947124.658707,
					"retransmits":	0,
					"snd_cwnd":	555492,
					"rtt":	24,
					"rttvar":	10,
					"pmtu":	1500,
					"omitted":	false,
					"sender":	true
				}],
			"sum":	{
				"start":	1.000283,
				"end":	2.00031,
				"seconds":	1.0000269412994385,
				"bytes":	4246732800,
				"bits_per_second":	33972947124.658707,
				"retransmits":	0,
				"omitted":	false,
				"sender":	true
			}
		}, {
			"streams":	[{
					"socket":	5,
					"start":	2.00031,
					"end":	3.000187,
					"seconds":	0.99987697601318359,
					"bytes":	4224450560,
					"bits_per_second":	33799762661.556072,
					"retransmits":	0,
					"snd_cwnd":	555492,
					"rtt":	24,
					"rttvar":	11,
					"pmtu":	1500,
					"omitted":	false,
					"sender":	true
				}],
			"sum":	{
				"start":	2.00031,
				"end":	3.000187,
				"seconds":	0.99987697601318359,
				"bytes":	4224450560,
				"bits_per_second":	33799762661.556072,
				"retransmits":	0,
				"omitted":	false,
				"sender":	true
			}
		}, {
			"streams":	[{
					"socket":	5,
					"start":	3.000187,
					"end":	4.0001,
					"seconds":	0.999912977218628,
					"bytes":	4216586240,
					"bits_per_second":	33735625687.9787,
					"retransmits":	0,
					"snd_cwnd":	555492,
					"rtt":	25,
					"rttvar":	12,
					"pmtu":	1500,
					"omitted":	false,
					"sender":	true
				}],
			"sum":	{
				"start":	3.000187,
				"end":	4.0001,
				"seconds":	0.999912977218628,
				"bytes":	4216586240,
				"bits_per_second":	33735625687.9787,
				"retransmits":	0,
				"omitted":	false,
				"sender":	true
			}
		}, {
			"streams":	[{
					"socket":	5,
					"start":	4.0001,
					"end":	5.00031,
					"seconds":	1.0002100467681885,
					"bytes":	4183818240,
					"bits_per_second":	33463517016.398487,
					"retransmits":	0,
					"snd_cwnd":	555492,
					"rtt":	23,
					"rttvar":	11,
					"pmtu":	1500,
					"omitted":	false,
					"sender":	true
				}],
			"sum":	{
				"start":	4.0001,
				"end":	5.00031,
				"seconds":	1.0002100467681885,
				"bytes":	4183818240,
				"bits_per_second":	33463517016.398487,
				"retransmits":	0,
				"omitted":	false,
				"sender":	true
			}
		}, {
			"streams":	[{
					"socket":	5,
					"start":	5.00031,
					"end":	6.000278,
					"seconds":	0.99996799230575562,
					"bytes":	4216586240,
					"bits_per_second":	33733769660.184994,
					"retransmits":	0,
					"snd_cwnd":	555492,
					"rtt":	23,
					"rttvar":	11,
					"pmtu":	1500,
					"omitted":	false,
					"sender":	true
				}],
			"sum":	{
				"start":	5.00031,
				"end":	6.000278,
				"seconds":	0.99996799230575562,
				"bytes":	4216586240,
				"bits_per_second":	33733769660.184994,
				"retransmits":	0,
				"omitted":	false,
				"sender":	true
			}
		}, {
			"streams":	[{
					"socket":	5,
					"start":	6.000278,
					"end":	7.000033,
					"seconds":	0.999755024909973,
					"bytes":	4248043520,
					"bits_per_second":	33992675518.745457,
					"retransmits":	0,
					"snd_cwnd":	555492,
					"rtt":	26,
					"rttvar":	13,
					"pmtu":	1500,
					"omitted":	false,
					"sender":	true
				}],
			"sum":	{
				"start":	6.000278,
				"end":	7.000033,
				"seconds":	0.999755024909973,
				"bytes":	4248043520,
				"bits_per_second":	33992675518.745457,
				"retransmits":	0,
				"omitted":	false,
				"sender":	true
			}
		}, {
			"streams":	[{
					"socket":	5,
					"start":	7.000033,
					"end":	8.000298,
					"seconds":	1.0002650022506714,
					"bytes":	4246732800,
					"bits_per_second":	33964861635.222923,
					"retransmits":	0,
					"snd_cwnd":	555492,
					"rtt":	23,
					"rttvar":	11,
					"pmtu":	1500,
					"omitted":	false,
					"sender":	true
				}],
			"sum":	{
				"start":	7.000033,
				"end":	8.000298,
				"seconds":	1.0002650022506714,
				"bytes":	4246732800,
				"bits_per_second":	33964861635.222923,
				"retransmits":	0,
				"omitted":	false,
				"sender":	true
			}
		}, {
			"streams":	[{
					"socket":	5,
					"start":	8.000298,
					"end":	9.000213,
					"seconds":	0.99991500377655029,
					"bytes":	4220518400,
					"bits_per_second":	33767017268.945023,
					"retransmits":	0,
					"snd_cwnd":	555492,
					"rtt":	22,
					"rttvar":	11,
					"pmtu":	1500,
					"omitted":	false,
					"sender":	true
				}],
			"sum":	{
				"start":	8.000298,
				"end":	9.000213,
				"seconds":	0.99991500377655029,
				"bytes":	4220518400,
				"bits_per_second":	33767017268.945023,
				"retransmits":	0,
				"omitted":	false,
				"sender":	true
			}
		}, {
			"streams":	[{
					"socket":	5,
					"start":	9.000213,
					"end":	10.000294,
					"seconds":	1.000080943107605,
					"bytes":	4245422080,
					"bits_per_second":	33960627761.252789,
					"retransmits":	0,
					"snd_cwnd":	555492,
					"rtt":	23,
					"rttvar":	11,
					"pmtu":	1500,
					"omitted":	false,
					"sender":	true
				}],
			"sum":	{
				"start":	9.000213,
				"end":	10.000294,
				"seconds":	1.000080943107605,
				"bytes":	4245422080,
				"bits_per_second":	33960627761.252789,
				"retransmits":	0,
				"omitted":	false,
				"sender":	true
			}
		}, {
			"streams":	[{
					"socket":	5,
					"start":	10.000294,
					"end":	11.000146,
					"seconds":	0.99985200166702271,
					"bytes":	4156293120,
					"bits_per_second":	33255266684.031952,
					"retransmits":	0,
					"snd_cwnd":	555492,
					"rtt":	24,
					"rttvar":	11,
					"pmtu":	1500,
					"omitted":	false,
					"sender":	true
				}],
			"sum":	{
				"start":	10.000294,
				"end":	11.000146,
				"seconds":	0.99985200166702271,
				"bytes":	4156293120,
				"bits_per_second":	33255266684.031952,
				"retransmits":	0,
				"omitted":	false,
				"sender":	true
			}
		}, {
			"streams":	[{
					"socket":	5,
					"start":	11.000146,
					"end":	12.000186,
					"seconds":	1.0000400543212891,
					"bytes":	4241489920,
					"bits_per_second":	33930560294.436447,
					"retransmits":	0,
					"snd_cwnd":	555492,
					"rtt":	24,
					"rttvar":	11,
					"pmtu":	1500,
					"omitted":	false,
					"sender":	true
				}],
			"sum":	{
				"start":	11.000146,
				"end":	12.000186,
				"seconds":	1.0000400543212891,
				"bytes":	4241489920,
				"bits_per_second":	33930560294.436447,
				"retransmits":	0,
				"omitted":	false,
				"sender":	true
			}
		}, {
			"streams":	[{
					"socket":	5,
					"start":	12.000186,
					"end":	13.000158,
					"seconds":	0.99997198581695557,
					"bytes":	4238868480,
					"bits_per_second":	33911897854.113869,
					"retransmits":	0,
					"snd_cwnd":	555492,
					"rtt":	25,
					"rttvar":	11,
					"pmtu":	1500,
					"omitted":	false,