{
	"start":	{
		"connected":	[{
				"socket":	5,
				"local_host":	"fd00:64:64:5f00:20d2::100",
				"local_port":	43728,
				"remote_host":	"fd00:64:64:5f00:20d2::400",
				"remote_port":	5201
			}],
		"version":	"iperf 3.9",
		"system_info":	"Linux ace-3 5.15.0-151-generic #161-Ubuntu SMP Tue Jul 22 14:25:40 UTC 2025 x86_64",
		"timestamp":	{
			"time":	"Thu, 14 Aug 2025 13:52:12 GMT",
			"timesecs":	1755179532
		},
		"connecting_to":	{
			"host":	"fd00:64:64:5f00:20d2::400",
			"port":	5201
		},
		"cookie":	"vieuzxjyixzpi66rktwtlvlrc2qmrv5jnu62",
		"tcp_mss_default":	1428,
		"sock_bufsize":	0,
		"sndbuf_actual":	16384,
		"rcvbuf_actual":	131072,
		"test_start":	{
			"protocol":	"TCP",
			"num_streams":	1,
			"blksize":	131072,
			"omit":	0,
			"duration":	30,
			"bytes":	0,
			"blocks":	0,
			"reverse":	0,
			"tos":	0
		}
	},
	"intervals":	[{
			"streams":	[{
					"socket":	5,
					"start":	0,
					"end":	1.000013,
					"seconds":	1.000012993812561,
					"bytes":	5352782596,
					"bits_per_second":	42821704350.800125,
					"retransmits":	0,
					"snd_cwnd":	671160,
					"rtt":	18,
					"rttvar":	10,
					"pmtu":	1500,
					"omitted":	false,
					"sender":	true
				}],
			"sum":	{
				"start":	0,
				"end":	1.000013,
				"seconds":	1.000012993812561,
				"bytes":	5352782596,
				"bits_per_second":	42821704350.800125,
				"retransmits":	0,
				"omitted":	false,
				"sender":	true
			}
		}, {
			"streams":	[{
					"socket":	5,
					"start":	1.000013,
					"end":	2.000227,
					"seconds":	1.0002139806747437,
					"bytes":	5362155520,
					"bits_per_second":	42888066942.4972,
					"retransmits":	0,
					"snd_cwnd":	671160,
					"rtt":	16,
					"rttvar":	8,
					"pmtu":	1500,
					"omitted":	false,
					"sender":	true
				}],
			"sum":	{
				"start":	1.000013,
				"end":	2.000227,
				"seconds":	1.0002139806747437,
				"bytes":	5362155520,
				"bits_per_second":	42888066942.4972,
				"retransmits":	0,
				"omitted":	false,
				"sender":	true
			}
		}, {
			"streams":	[{
					"socket":	5,
					"start":	2.000227,
					"end":	3.000225,
					"seconds":	0.99999797344207764,
					"bytes":	5356912640,
					"bits_per_second":	42855387968.926,
					"retransmits":	0,
					"snd_cwnd":	671160,
					"rtt":	15,
					"rttvar":	9,
					"pmtu":	1500,
					"omitted":	false,
					"sender":	true
				}],
			"sum":	{
				"start":	2.000227,
				"end":	3.000225,
				"seconds":	0.99999797344207764,
				"bytes":	5356912640,
				"bits_per_second":	42855387968.926,
				"retransmits":	0,
				"omitted":	false,
				"sender":	true
			}
		}, {
			"streams":	[{
					"socket":	5,
					"start":	3.000225,
					"end":	4.000127,
					"seconds":	0.99990200996398926,
					"bytes":	5305794560,
					"bits_per_second":	42450516207.611862,
					"retransmits":	0,
					"snd_cwnd":	671160,
					"rtt":	18,
					"rttvar":	9,
					"pmtu":	1500,
					"omitted":	false,
					"sender":	true
				}],
			"sum":	{
				"start":	3.000225,
				"end":	4.000127,
				"seconds":	0.99990200996398926,
				"bytes":	5305794560,
				"bits_per_second":	42450516207.611862,
				"retransmits":	0,
				"omitted":	false,
				"sender":	true
			}
		}, {
			"streams":	[{
					"socket":	5,
					"start":	4.000127,
					"end":	5.000232,
					"seconds":	1.0001050233840942,
					"bytes":	5347737600,
					"bits_per_second":	42777408171.831017,
					"retransmits":	0,
					"snd_cwnd":	671160,
					"rtt":	16,
					"rttvar":	9,
					"pmtu":	1500,
					"omitted":	false,
					"sender":	true
				}],
			"sum":	{
				"start":	4.000127,
				"end":	5.000232,
				"seconds":	1.0001050233840942,
				"bytes":	5347737600,
				"bits_per_second":	42777408171.831017,
				"retransmits":	0,
				"omitted":	false,
				"sender":	true
			}
		}, {
			"streams":	[{
					"socket":	5,
					"start":	5.000232,
					"end":	6.000201,
					"seconds":	0.9999690055847168,
					"bytes":	5297930240,
					"bits_per_second":	42384755610.717079,
					"retransmits":	0,
					"snd_cwnd":	671160,
					"rtt":	16,
					"rttvar":	9,
					"pmtu":	1500,
					"omitted":	false,
					"sender":	true
				}],
			"sum":	{
				"start":	5.000232,
				"end":	6.000201,
				"seconds":	0.9999690055847168,
				"bytes":	5297930240,
				"bits_per_second":	42384755610.717079,
				"retransmits":	0,
				"omitted":	false,
				"sender":	true
			}
		}, {
			"streams":	[{
					"socket":	5,
					"start":	6.000201,
					"end":	7.000167,
					"seconds":	0.999966025352478,
					"bytes":	5360844800,
					"bits_per_second":	42888215512.004868,
					"retransmits":	0,
					"snd_cwnd":	671160,
					"rtt":	18,
					"rttvar":	9,
					"pmtu":	1500,
					"omitted":	false,
					"sender":	true
				}],
			"sum":	{
				"start":	6.000201,
				"end":	7.000167,
				"seconds":	0.999966025352478,
				"bytes":	5360844800,
				"bits_per_second":	42888215512.004868,
				"retransmits":	0,
				"omitted":	false,
				"sender":	true
			}
		}, {
			"streams":	[{
					"socket":	5,
					"start":	7.000167,
					"end":	8.000067,
					"seconds":	0.999899983406067,
					"bytes":	5359534080,
					"bits_per_second":	42880561407.697937,
					"retransmits":	0,
					"snd_cwnd":	671160,
					"rtt":	22,
					"rttvar":	17,
					"pmtu":	1500,
					"omitted":	false,
					"sender":	true
				}],
			"sum":	{
				"start":	7.000167,
				"end":	8.000067,
				"seconds":	0.999899983406067,
				"bytes":	5359534080,
				"bits_per_second":	42880561407.697937,
				"retransmits":	0,
				"omitted":	false,
				"sender":	true
			}
		}, {
			"streams":	[{
					"socket":	5,
					"start":	8.000067,
					"end":	9.000233,
					"seconds":	1.0001660585403442,
					"bytes":	5320212480,
					"bits_per_second":	42554633279.712685,
					"retransmits":	0,
					"snd_cwnd":	704004,
					"rtt":	18,
					"rttvar":	8,
					"pmtu":	1500,
					"omitted":	false,
					"sender":	true
				}],
			"sum":	{
				"start":	8.000067,
				"end":	9.000233,
				"seconds":	1.0001660585403442,
				"bytes":	5320212480,
				"bits_per_second":	42554633279.712685,
				"retransmits":	0,
				"omitted":	false,
				"sender":	true
			}
		}, {
			"streams":	[{
					"socket":	5,
					"start":	9.000233,
					"end":	10.000089,
					"seconds":	0.99985599517822266,
					"bytes":	5352980480,
					"bits_per_second":	42830011568.1826,
					"retransmits":	0,
					"snd_cwnd":	704004,
					"rtt":	17,
					"rttvar":	10,
					"pmtu":	1500,
					"omitted":	false,
					"sender":	true
				}],
			"sum":	{
				"start":	9.000233,
				"end":	10.000089,
				"seconds":	0.99985599517822266,
				"bytes":	5352980480,
				"bits_per_second":	42830011568.1826,
				"retransmits":	0,
				"omitted":	false,
				"sender":	true
			}
		}, {
			"streams":	[{
					"socket":	5,
					"start":	10.000089,
					"end":	11.000006,
					"seconds":	0.999916970729828,
					"bytes":	5280890880,
					"bits_per_second":	42250635079.394951,
					"retransmits":	0,
					"snd_cwnd":	704004,
					"rtt":	19,
					"rttvar":	9,
					"pmtu":	1500,
					"omitted":	false,
					"sender":	true
				}],
			"sum":	{
				"start":	10.000089,
				"end":	11.000006,
				"seconds":	0.999916970729828,
				"bytes":	5280890880,
				"bits_per_second":	42250635079.394951,
				"retransmits":	0,
				"omitted":	false,
				"sender":	true
			}
		}, {
			"streams":	[{
					"socket":	5,
					"start":	11.000006,
					"end":	12.000105,
					"seconds":	1.0000989437103271,
					"bytes":	5350359040,
					"bits_per_second":	42798637663.992577,
					"retransmits":	0,
					"snd_cwnd":	704004,
					"rtt":	17,
					"rttvar":	9,
					"pmtu":	1500,
					"omitted":	false,
					"sender":	true
				}],
			"sum":	{
				"start":	11.000006,
				"end":	12.000105,
				"seconds":	1.0000989437103271,
				"bytes":	5350359040,
				"bits_per_second":	42798637663.992577,
				"retransmits":	0,
				"omitted":	false,
				"sender":	true
			}
		}, {
			"streams":	[{
					"socket":	5,
					"start":	12.000105,
					"end":	13.000151,
					"seconds":	1.0000460147857666,
					"bytes":	5267783680,
					"bits_per_second":	42140330361.726273,
					"retransmits":	0,
					"snd_cwnd":	704004,
					"rtt":	16,
					"rttvar":	8,