{
	"start":	{
		"connected":	[{
				"socket":	5,
				"local_host":	"fd00:64:64:5f00:20d2::200",
				"local_port":	53060,
				"remote_host":	"fd00:64:64:5f00:20d2::400",
				"remote_port":	5201
			}],
		"version":	"iperf 3.9",
		"system_info":	"Linux ace-3 5.15.0-151-generic #161-Ubuntu SMP Tue Jul 22 14:25:40 UTC 2025 x86_64",
		"timestamp":	{
			"time":	"Thu, 14 Aug 2025 14:02:14 GMT",
			"timesecs":	1755180134
		},
		"connecting_to":	{
			"host":	"fd00:64:64:5f00:20d2::400",
			"port":	5201
		},
		"cookie":	"yagr76v7ccvgi3uknlxeuk6u5g4i6xxy7hob",
		"tcp_mss_default":	1428,
		"sock_bufsize":	0,
		"sndbuf_actual":	16384,
		"rcvbuf_actual":	131072,
		"test_start":	{
			"protocol":	"TCP",
			"num_streams":	1,
			"blksize":	131072,
			"omit":	0,
			"duration":	30,
			"bytes":	0,
			"blocks":	0,
			"reverse":	0,
			"tos":	0
		}
	},
	"intervals":	[{
			"streams":	[{
					"socket":	5,
					"start":	0,
					"end":	1.000235,
					"seconds":	1.0002349615097046,
					"bytes":	5276958720,
					"bits_per_second":	42205753032.549255,
					"retransmits":	0,
					"snd_cwnd":	562632,
					"rtt":	17,
					"rttvar":	8,
					"pmtu":	1500,
					"omitted":	false,
					"sender":	true
				}],
			"sum":	{
				"start":	0,
				"end":	1.000235,
				"seconds":	1.0002349615097046,
				"bytes":	5276958720,
				"bits_per_second":	42205753032.549255,
				"retransmits":	0,
				"omitted":	false,
				"sender":	true
			}
		}, {
			"streams":	[{
					"socket":	5,
					"start":	1.000235,
					"end":	2.000048,
					"seconds":	0.9998130202293396,
					"bytes":	5200936960,
					"bits_per_second":	41615276894.929787,
					"retransmits":	0,
					"snd_cwnd":	562632,
					"rtt":	19,
					"rttvar":	10,
					"pmtu":	1500,
					"omitted":	false,
					"sender":	true
				}],
			"sum":	{
				"start":	1.000235,
				"end":	2.000048,
				"seconds":	0.9998130202293396,
				"bytes":	5200936960,
				"bits_per_second":	41615276894.929787,
				"retransmits":	0,
				"omitted":	false,
				"sender":	true
			}
		}, {
			"streams":	[{
					"socket":	5,
					"start":	2.000048,
					"end":	3.000011,
					"seconds":	0.99996298551559448,
					"bytes":	5303173120,
					"bits_per_second":	42426955371.877983,
					"retransmits":	0,
					"snd_cwnd":	562632,
					"rtt":	20,
					"rttvar":	12,
					"pmtu":	1500,
					"omitted":	false,
					"sender":	true
				}],
			"sum":	{
				"start":	2.000048,
				"end":	3.000011,
				"seconds":	0.99996298551559448,
				"bytes":	5303173120,
				"bits_per_second":	42426955371.877983,
				"retransmits":	0,
				"omitted":	false,
				"sender":	true
			}
		}, {
			"streams":	[{
					"socket":	5,
					"start":	3.000011,
					"end":	4.000181,
					"seconds":	1.0001699924468994,
					"bytes":	5296619520,
					"bits_per_second":	42365754301.7615,
					"retransmits":	0,
					"snd_cwnd":	562632,
					"rtt":	19,
					"rttvar":	9,
					"pmtu":	1500,
					"omitted":	false,
					"sender":	true
				}],
			"sum":	{
				"start":	3.000011,
				"end":	4.000181,
				"seconds":	1.0001699924468994,
				"bytes":	5296619520,
				"bits_per_second":	42365754301.7615,
				"retransmits":	0,
				"omitted":	false,
				"sender":	true
			}
		}, {
			"streams":	[{
					"socket":	5,
					"start":	4.000181,
					"end":	5.000144,
					"seconds":	0.99996298551559448,
					"bytes":	5279580160,
					"bits_per_second":	42238204705.369385,
					"retransmits":	0,
					"snd_cwnd":	562632,
					"rtt":	17,
					"rttvar":	8,
					"pmtu":	1500,
					"omitted":	false,
					"sender":	true
				}],
			"sum":	{
				"start":	4.000181,
				"end":	5.000144,
				"seconds":	0.99996298551559448,
				"bytes":	5279580160,
				"bits_per_second":	42238204705.369385,
				"retransmits":	0,
				"omitted":	false,
				"sender":	true
			}
		}, {
			"streams":	[{
					"socket":	5,
					"start":	5.000144,
					"end":	6.000136,
					"seconds":	0.9999920129776,
					"bytes":	5206179840,
					"bits_per_second":	41649771377.656944,
					"retransmits":	0,
					"snd_cwnd":	598332,
					"rtt":	17,
					"rttvar":	9,
					"pmtu":	1500,
					"omitted":	false,
					"sender":	true
				}],
			"sum":	{
				"start":	5.000144,
				"end":	6.000136,
				"seconds":	0.9999920129776,
				"bytes":	5206179840,
				"bits_per_second":	41649771377.656944,
				"retransmits":	0,
				"omitted":	false,
				"sender":	true
			}
		}, {
			"streams":	[{
					"socket":	5,
					"start":	6.000136,
					"end":	7.00009,
					"seconds":	0.9999539852142334,
					"bytes":	5290065920,
					"bits_per_second":	42322474819.611938,
					"retransmits":	0,
					"snd_cwnd":	598332,
					"rtt":	19,
					"rttvar":	8,
					"pmtu":	1500,
					"omitted":	false,
					"sender":	true
				}],
			"sum":	{
				"start":	6.000136,
				"end":	7.00009,
				"seconds":	0.9999539852142334,
				"bytes":	5290065920,
				"bits_per_second":	42322474819.611938,
				"retransmits":	0,
				"omitted":	false,
				"sender":	true
			}
		}, {
			"streams":	[{
					"socket":	5,
					"start":	7.00009,
					"end":	8.000025,
					"seconds":	0.99993497133255,
					"bytes":	5245501440,
					"bits_per_second":	41966740561.215912,
					"retransmits":	0,
					"snd_cwnd":	598332,
					"rtt":	19,
					"rttvar":	10,
					"pmtu":	1500,
					"omitted":	false,
					"sender":	true
				}],
			"sum":	{
				"start":	7.00009,
				"end":	8.000025,
				"seconds":	0.99993497133255,
				"bytes":	5245501440,
				"bits_per_second":	41966740561.215912,
				"retransmits":	0,
				"omitted":	false,
				"sender":	true
			}
		}, {
			"streams":	[{
					"socket":	5,
					"start":	8.000025,
					"end":	9.000024,
					"seconds":	0.99999898672103882,
					"bytes":	5304483840,
					"bits_per_second":	42435913719.418571,
					"retransmits":	0,
					"snd_cwnd":	598332,
					"rtt":	19,
					"rttvar":	11,
					"pmtu":	1500,
					"omitted":	false,
					"sender":	true
				}],
			"sum":	{
				"start":	8.000025,
				"end":	9.000024,
				"seconds":	0.99999898672103882,
				"bytes":	5304483840,
				"bits_per_second":	42435913719.418571,
				"retransmits":	0,
				"omitted":	false,
				"sender":	true
			}
		}, {
			"streams":	[{
					"socket":	5,
					"start":	9.000024,
					"end":	10.00007,
					"seconds":	1.0000460147857666,
					"bytes":	5274337280,
					"bits_per_second":	42192756749.33728,
					"retransmits":	0,
					"snd_cwnd":	598332,
					"rtt":	21,
					"rttvar":	13,
					"pmtu":	1500,
					"omitted":	false,
					"sender":	true
				}],
			"sum":	{
				"start":	9.000024,
				"end":	10.00007,
				"seconds":	1.0000460147857666,
				"bytes":	5274337280,
				"bits_per_second":	42192756749.33728,
				"retransmits":	0,
				"omitted":	false,
				"sender":	true
			}
		}, {
			"streams":	[{
					"socket":	5,
					"start":	10.00007,
					"end":	11.000215,
					"seconds":	1.0001449584960938,
					"bytes":	5291376640,
					"bits_per_second":	42324877769.3712,
					"retransmits":	0,
					"snd_cwnd":	598332,
					"rtt":	16,
					"rttvar":	9,
					"pmtu":	1500,
					"omitted":	false,
					"sender":	true
				}],
			"sum":	{
				"start":	10.00007,
				"end":	11.000215,
				"seconds":	1.0001449584960938,
				"bytes":	5291376640,
				"bits_per_second":	42324877769.3712,
				"retransmits":	0,
				"omitted":	false,
				"sender":	true
			}
		}, {
			"streams":	[{
					"socket":	5,
					"start":	11.000215,
					"end":	12.000239,
					"seconds":	1.0000239610672,
					"bytes":	5322833920,
					"bits_per_second":	42581651058.197517,
					"retransmits":	0,
					"snd_cwnd":	598332,
					"rtt":	16,
					"rttvar":	9,
					"pmtu":	1500,
					"omitted":	false,
					"sender":	true
				}],
			"sum":	{
				"start":	11.000215,
				"end":	12.000239,
				"seconds":	1.0000239610672,
				"bytes":	5322833920,
				"bits_per_second":	42581651058.197517,
				"retransmits":	0,
				"omitted":	false,
				"sender":	true
			}
		}, {
			"streams":	[{
					"socket":	5,
					"start":	12.000239,
					"end":	13.000067,
					"seconds":	0.99982798099517822,
					"bytes":	5253365760,
					"bits_per_second":	42034156753.813316,
					"retransmits":	0,
					"snd_cwnd":	598332,
					"rtt":	22,
					"rttvar":	13,
					"pmtu":	1500,