{
	"start":	{
		"connected":	[{
				"socket":	5,
				"local_host":	"192.0.0.2",
				"local_port":	60406,
				"remote_host":	"192.0.0.171",
				"remote_port":	5201
			}],
		"version":	"iperf 3.9",
		"system_info":	"Linux ace-3 5.15.0-151-generic #161-Ubuntu SMP Tue Jul 22 14:25:40 UTC 2025 x86_64",
		"timestamp":	{
			"time":	"Thu, 14 Aug 2025 13:59:43 GMT",
			"timesecs":	1755179983
		},
		"connecting_to":	{
			"host":	"192.0.0.171",
			"port":	5201
		},
		"cookie":	"7qzqe4kyqozwnngtdohpbkw22clqdrbvgytx",
		"tcp_mss_default":	1428,
		"sock_bufsize":	0,
		"sndbuf_actual":	16384,
		"rcvbuf_actual":	131072,
		"test_start":	{
			"protocol":	"TCP",
			"num_streams":	1,
			"blksize":	131072,
			"omit":	0,
			"duration":	30,
			"bytes":	0,
			"blocks":	0,
			"reverse":	0,
			"tos":	0
		}
	},
	"intervals":	[{
			"streams":	[{
					"socket":	5,
					"start":	0,
					"end":	1.000059,
					"seconds":	1.0000590085983276,
					"bytes":	558816424,
					"bits_per_second":	4470267607.7743158,
					"retransmits":	23,
					"snd_cwnd":	741132,
					"rtt":	1329,
					"rttvar":	18,
					"pmtu":	1500,
					"omitted":	false,
					"sender":	true
				}],
			"sum":	{
				"start":	0,
				"end":	1.000059,
				"seconds":	1.0000590085983276,
				"bytes":	558816424,
				"bits_per_second":	4470267607.7743158,
				"retransmits":	23,
				"omitted":	false,
				"sender":	true
			}
		}, {
			"streams":	[{
					"socket":	5,
					"start":	1.000059,
					"end":	2.000061,
					"seconds":	1.0000020265579224,
					"bytes":	554434560,
					"bits_per_second":	4435467491.2682161,
					"retransmits":	36,
					"snd_cwnd":	668304,
					"rtt":	1238,
					"rttvar":	14,
					"pmtu":	1500,
					"omitted":	false,
					"sender":	true
				}],
			"sum":	{
				"start":	1.000059,
				"end":	2.000061,
				"seconds":	1.0000020265579224,
				"bytes":	554434560,
				"bits_per_second":	4435467491.2682161,
				"retransmits":	36,
				"omitted":	false,
				"sender":	true
			}
		}, {
			"streams":	[{
					"socket":	5,
					"start":	2.000061,
					"end":	3.000072,
					"seconds":	1.0000109672546387,
					"bytes":	551813120,
					"bits_per_second":	4414456545.5309734,
					"retransmits":	41,
					"snd_cwnd":	701148,
					"rtt":	1085,
					"rttvar":	123,
					"pmtu":	1500,
					"omitted":	false,
					"sender":	true
				}],
			"sum":	{
				"start":	2.000061,
				"end":	3.000072,
				"seconds":	1.0000109672546387,
				"bytes":	551813120,
				"bits_per_second":	4414456545.5309734,
				"retransmits":	41,
				"omitted":	false,
				"sender":	true
			}
		}, {
			"streams":	[{
					"socket":	5,
					"start":	3.000072,
					"end":	4.00006,
					"seconds":	0.9999880194664,
					"bytes":	551813120,
					"bits_per_second":	4414557848.7586355,
					"retransmits":	6,
					"snd_cwnd":	711144,
					"rtt":	1254,
					"rttvar":	12,
					"pmtu":	1500,
					"omitted":	false,
					"sender":	true
				}],
			"sum":	{
				"start":	3.000072,
				"end":	4.00006,
				"seconds":	0.9999880194664,
				"bytes":	551813120,
				"bits_per_second":	4414557848.7586355,
				"retransmits":	6,
				"omitted":	false,
				"sender":	true
			}
		}, {
			"streams":	[{
					"socket":	5,
					"start":	4.00006,
					"end":	5.000064,
					"seconds":	1.0000040531158447,
					"bytes":	554434560,
					"bits_per_second":	4435458502.5728645,
					"retransmits":	16,
					"snd_cwnd":	771120,
					"rtt":	422,
					"rttvar":	125,
					"pmtu":	1500,
					"omitted":	false,
					"sender":	true
				}],
			"sum":	{
				"start":	4.00006,
				"end":	5.000064,
				"seconds":	1.0000040531158447,
				"bytes":	554434560,
				"bits_per_second":	4435458502.5728645,
				"retransmits":	16,
				"omitted":	false,
				"sender":	true
			}
		}, {
			"streams":	[{
					"socket":	5,
					"start":	5.000064,
					"end":	6.00005,
					"seconds":	0.99998599290847778,
					"bytes":	550502400,
					"bits_per_second":	4404080888.3640747,
					"retransmits":	14,
					"snd_cwnd":	699720,
					"rtt":	1154,
					"rttvar":	67,
					"pmtu":	1500,
					"omitted":	false,
					"sender":	true
				}],
			"sum":	{
				"start":	5.000064,
				"end":	6.00005,
				"seconds":	0.99998599290847778,
				"bytes":	550502400,
				"bits_per_second":	4404080888.3640747,
				"retransmits":	14,
				"omitted":	false,
				"sender":	true
			}
		}, {
			"streams":	[{
					"socket":	5,
					"start":	6.00005,
					"end":	7.000061,
					"seconds":	1.0000109672546387,
					"bytes":	550502400,
					"bits_per_second":	4403970900.5297127,
					"retransmits":	57,
					"snd_cwnd":	768264,
					"rtt":	653,
					"rttvar":	258,
					"pmtu":	1500,
					"omitted":	false,
					"sender":	true
				}],
			"sum":	{
				"start":	6.00005,
				"end":	7.000061,
				"seconds":	1.0000109672546387,
				"bytes":	550502400,
				"bits_per_second":	4403970900.5297127,
				"retransmits":	57,
				"omitted":	false,
				"sender":	true
			}
		}, {
			"streams":	[{
					"socket":	5,
					"start":	7.000061,
					"end":	8.000062,
					"seconds":	1.0000009536743164,
					"bytes":	557056000,
					"bits_per_second":	4456443750.0040531,
					"retransmits":	20,
					"snd_cwnd":	645456,
					"rtt":	1163,
					"rttvar":	17,
					"pmtu":	1500,
					"omitted":	false,
					"sender":	true
				}],
			"sum":	{
				"start":	7.000061,
				"end":	8.000062,
				"seconds":	1.0000009536743164,
				"bytes":	557056000,
				"bits_per_second":	4456443750.0040531,
				"retransmits":	20,
				"omitted":	false,
				"sender":	true
			}
		}, {
			"streams":	[{
					"socket":	5,
					"start":	8.000062,
					"end":	9.00009,
					"seconds":	1.0000280141830444,
					"bytes":	555745280,
					"bits_per_second":	4445837693.48907,
					"retransmits":	48,
					"snd_cwnd":	612612,
					"rtt":	1108,
					"rttvar":	18,
					"pmtu":	1500,
					"omitted":	false,
					"sender":	true
				}],
			"sum":	{
				"start":	8.000062,
				"end":	9.00009,
				"seconds":	1.0000280141830444,
				"bytes":	555745280,
				"bits_per_second":	4445837693.48907,
				"retransmits":	48,
				"omitted":	false,
				"sender":	true
			}
		}, {
			"streams":	[{
					"socket":	5,
					"start":	9.00009,
					"end":	10.000101,
					"seconds":	1.0000109672546387,
					"bytes":	557056000,
					"bits_per_second":	4456399125.5360184,
					"retransmits":	41,
					"snd_cwnd":	632604,
					"rtt":	322,
					"rttvar":	59,
					"pmtu":	1500,
					"omitted":	false,
					"sender":	true
				}],
			"sum":	{
				"start":	9.00009,
				"end":	10.000101,
				"seconds":	1.0000109672546387,
				"bytes":	557056000,
				"bits_per_second":	4456399125.5360184,
				"retransmits":	41,
				"omitted":	false,
				"sender":	true
			}
		}, {
			"streams":	[{
					"socket":	5,
					"start":	10.000101,
					"end":	11.000059,
					"seconds":	0.99995797872543335,
					"bytes":	554434560,
					"bits_per_second":	4435662872.2074385,
					"retransmits":	41,
					"snd_cwnd":	644028,
					"rtt":	1036,
					"rttvar":	16,
					"pmtu":	1500,
					"omitted":	false,
					"sender":	true
				}],
			"sum":	{
				"start":	10.000101,
				"end":	11.000059,
				"seconds":	0.99995797872543335,
				"bytes":	554434560,
				"bits_per_second":	4435662872.2074385,
				"retransmits":	41,
				"omitted":	false,
				"sender":	true
			}
		}, {
			"streams":	[{
					"socket":	5,
					"start":	11.000059,
					"end":	12.000176,
					"seconds":	1.0001169443130493,
					"bytes":	557056000,
					"bits_per_second":	4455926904.6891327,
					"retransmits":	32,
					"snd_cwnd":	684012,
					"rtt":	769,
					"rttvar":	184,
					"pmtu":	1500,
					"omitted":	false,
					"sender":	true
				}],
			"sum":	{
				"start":	11.000059,
				"end":	12.000176,
				"seconds":	1.0001169443130493,
				"bytes":	557056000,
				"bits_per_second":	4455926904.6891327,
				"retransmits":	32,
				"omitted":	false,
				"sender":	true
			}
		}, {
			"streams":	[{
					"socket":	5,
					"start":	12.000176,
					"end":	13.000061,
					"seconds":	0.99988502264022827,
					"bytes":	557056000,
					"bits_per_second":	4456960449.5450954,
					"retransmits":	22,
					"snd_cwnd":	692580,
					"rtt":	1354,
					"rttvar":	16,
					"pmtu":	1500,