{
	"start":	{
		"connected":	[{
				"socket":	5,
				"local_host":	"2a05:d014:144f:5f00:20d2::100",
				"local_port":	45377,
				"remote_host":	"2a05:d014:144f:5f00:20d2::400",
				"remote_port":	5201
			}],
		"version":	"iperf 3.16",
		"system_info":	"Linux i-0316e72a8af6a7464 6.8.0-1031-aws #33-Ubuntu SMP Fri Jun 20 18:11:07 UTC 2025 x86_64",
		"timestamp":	{
			"time":	"Thu, 03 Jul 2025 14:08:44 GMT",
			"timesecs":	1751551724
		},
		"connecting_to":	{
			"host":	"2a05:d014:144f:5f00:20d2::400",
			"port":	5201
		},
		"cookie":	"dmsfire3uok7gxkexiss6qb7zuv7ptejbhj4",
		"target_bitrate":	10000000,
		"fq_rate":	0,
		"sock_bufsize":	0,
		"sndbuf_actual":	212992,
		"rcvbuf_actual":	212992,
		"test_start":	{
			"protocol":	"UDP",
			"num_streams":	1,
			"blksize":	1428,
			"omit":	0,
			"duration":	30,
			"bytes":	0,
			"blocks":	0,
			"reverse":	0,
			"tos":	0,
			"target_bitrate":	10000000,
			"bidir":	0,
			"fqrate":	0
		}
	},
	"intervals":	[{
			"streams":	[{
					"socket":	5,
					"start":	0,
					"end":	1.000063,
					"seconds":	1.0000629425048828,
					"bytes":	1249500,
					"bits_per_second":	9995370.86632044,
					"packets":	875,
					"omitted":	false,
					"sender":	true
				}],
			"sum":	{
				"start":	0,
				"end":	1.000063,
				"seconds":	1.0000629425048828,
				"bytes":	1249500,
				"bits_per_second":	9995370.86632044,
				"packets":	875,
				"omitted":	false,
				"sender":	true
			}
		}, {
			"streams":	[{
					"socket":	5,
					"start":	1.000063,
					"end":	2.000098,
					"seconds":	1.0000350475311279,
					"bytes":	1249500,
					"bits_per_second":	9995649.6771567967,
					"packets":	875,
					"omitted":	false,
					"sender":	true
				}],
			"sum":	{
				"start":	1.000063,
				"end":	2.000098,
				"seconds":	1.0000350475311279,
				"bytes":	1249500,
				"bits_per_second":	9995649.6771567967,
				"packets":	875,
				"omitted":	false,
				"sender":	true
			}
		}, {
			"streams":	[{
					"socket":	5,
					"start":	2.000098,
					"end":	3.000077,
					"seconds":	0.999979019165039,
					"bytes":	1250928,
					"bits_per_second":	10007633.968516642,
					"packets":	876,
					"omitted":	false,
					"sender":	true
				}],
			"sum":	{
				"start":	2.000098,
				"end":	3.000077,
				"seconds":	0.999979019165039,
				"bytes":	1250928,
				"bits_per_second":	10007633.968516642,
				"packets":	876,
				"omitted":	false,
				"sender":	true
			}
		}, {
			"streams":	[{
					"socket":	5,
					"start":	3.000077,
					"end":	4.000077,
					"seconds":	1,
					"bytes":	1249500,
					"bits_per_second":	9996000,
					"packets":	875,
					"omitted":	false,
					"sender":	true
				}],
			"sum":	{
				"start":	3.000077,
				"end":	4.000077,
				"seconds":	1,
				"bytes":	1249500,
				"bits_per_second":	9996000,
				"packets":	875,
				"omitted":	false,
				"sender":	true
			}
		}, {
			"streams":	[{
					"socket":	5,
					"start":	4.000077,
					"end":	5.000076,
					"seconds":	0.99999898672103882,
					"bytes":	1249500,
					"bits_per_second":	9996010.12874676,
					"packets":	875,
					"omitted":	false,
					"sender":	true
				}],
			"sum":	{
				"start":	4.000077,
				"end":	5.000076,
				"seconds":	0.99999898672103882,
				"bytes":	1249500,
				"bits_per_second":	9996010.12874676,
				"packets":	875,
				"omitted":	false,
				"sender":	true
			}
		}, {
			"streams":	[{
					"socket":	5,
					"start":	5.000076,
					"end":	6.000111,
					"seconds":	1.0000350475311279,
					"bytes":	1250928,
					"bits_per_second":	10007073.276787832,
					"packets":	876,
					"omitted":	false,
					"sender":	true
				}],
			"sum":	{
				"start":	5.000076,
				"end":	6.000111,
				"seconds":	1.0000350475311279,
				"bytes":	1250928,
				"bits_per_second":	10007073.276787832,
				"packets":	876,
				"omitted":	false,
				"sender":	true
			}
		}, {
			"streams":	[{
					"socket":	5,
					"start":	6.000111,
					"end":	7.000076,
					"seconds":	0.999965012073517,
					"bytes":	1249500,
					"bits_per_second":	9996349.7515502069,
					"packets":	875,
					"omitted":	false,
					"sender":	true
				}],
			"sum":	{
				"start":	6.000111,
				"end":	7.000076,
				"seconds":	0.999965012073517,
				"bytes":	1249500,
				"bits_per_second":	9996349.7515502069,
				"packets":	875,
				"omitted":	false,
				"sender":	true
			}
		}, {
			"streams":	[{
					"socket":	5,
					"start":	7.000076,
					"end":	8.000063,
					"seconds":	0.999987006187439,
					"bytes":	1249500,
					"bits_per_second":	9996129.8878381,
					"packets":	875,
					"omitted":	false,
					"sender":	true
				}],
			"sum":	{
				"start":	7.000076,
				"end":	8.000063,
				"seconds":	0.999987006187439,
				"bytes":	1249500,
				"bits_per_second":	9996129.8878381,
				"packets":	875,
				"omitted":	false,
				"sender":	true
			}
		}, {
			"streams":	[{
					"socket":	5,
					"start":	8.000063,
					"end":	9.000076,
					"seconds":	1.000012993812561,
					"bytes":	1250928,
					"bits_per_second":	10007293.967097949,
					"packets":	876,
					"omitted":	false,
					"sender":	true
				}],
			"sum":	{
				"start":	8.000063,
				"end":	9.000076,
				"seconds":	1.000012993812561,
				"bytes":	1250928,
				"bits_per_second":	10007293.967097949,
				"packets":	876,
				"omitted":	false,
				"sender":	true
			}
		}, {
			"streams":	[{
					"socket":	5,
					"start":	9.000076,
					"end":	10.000063,
					"seconds":	0.999987006187439,
					"bytes":	1249500,
					"bits_per_second":	9996129.8878381,
					"packets":	875,
					"omitted":	false,
					"sender":	true
				}],
			"sum":	{
				"start":	9.000076,
				"end":	10.000063,
				"seconds":	0.999987006187439,
				"bytes":	1249500,
				"bits_per_second":	9996129.8878381,
				"packets":	875,
				"omitted":	false,
				"sender":	true
			}
		}, {
			"streams":	[{
					"socket":	5,
					"start":	10.000063,
					"end":	11.000076,
					"seconds":	1.000012993812561,
					"bytes":	1250928,
					"bits_per_second":	10007293.967097949,
					"packets":	876,
					"omitted":	false,
					"sender":	true
				}],
			"sum":	{
				"start":	10.000063,
				"end":	11.000076,
				"seconds":	1.000012993812561,
				"bytes":	1250928,
				"bits_per_second":	10007293.967097949,
				"packets":	876,
				"omitted":	false,
				"sender":	true
			}
		}, {
			"streams":	[{
					"socket":	5,
					"start":	11.000076,
					"end":	12.000076,
					"seconds":	1,
					"bytes":	1249500,
					"bits_per_second":	9996000,
					"packets":	875,
					"omitted":	false,
					"sender":	true
				}],
			"sum":	{
				"start":	11.000076,
				"end":	12.000076,
				"seconds":	1,
				"bytes":	1249500,
				"bits_per_second":	9996000,
				"packets":	875,
				"omitted":	false,
				"sender":	true
			}
		}, {
			"streams":	[{
					"socket":	5,
					"start":	12.000076,
					"end":	13.000118,
					"seconds":	1.0000419616699219,
					"bytes":	1249500,
					"bits_per_second":	9995580.5687474962,
					"packets":	875,
					"omitted":	false,
					"sender":	true
				}],
			"sum":	{
				"start":	12.000076,
				"end":	13.000118,
				"seconds":	1.0000419616699219,
				"bytes":	1249500,
				"bits_per_second":	9995580.5687474962,
				"packets":	875,
				"omitted":	false,
				"sender":	true
			}
		}, {
			"streams":	[{
					"socket":	5,
					"start":	13.000118,
					"end":	14.000076,
					"seconds":	0.99995797872543335,
					"bytes":	1250928,
					"bits_per_second":	10007844.542383336,
					"packets":	876,
					"omitted":	false,
					"sender":	true
				}],
			"sum":	{
				"start":	13.000118,
				"end":	14.000076,
				"seconds":	0.99995797872543335,
				"bytes":	1250928,
				"bits_per_second":	10007844.542383336,
				"packets":	876,
				"omitted":	false,
				"sender":	true
			}
		}, {
			"streams":	[{
					"socket":	5,
					"start":	14.000076,
					"end":	15.000077,
					"seconds":	1.0000009536743164,
					"bytes":	1249500,
					"bits_per_second":	9995990.4670806248,
					"packets":	875,
					"omitted":	false,
					"sender":	true
				}],
			"sum":	{
				"start":	14.000076,
				"end":	15.000077,
				"seconds":	1.0000009536743164,
				"bytes":	1249500,