{
	"start":	{
		"connected":	[{
				"socket":	5,
				"local_host":	"2a05:d014:144f:5f00:20d2::200",
				"local_port":	60676,
				"remote_host":	"2a05:d014:144f:5f00:20d2::400",
				"remote_port":	5201
			}],
		"version":	"iperf 3.16",
		"system_info":	"Linux i-0316e72a8af6a7464 6.8.0-1031-aws #33-Ubuntu SMP Fri Jun 20 18:11:07 UTC 2025 x86_64",
		"timestamp":	{
			"time":	"Thu, 03 Jul 2025 14:32:49 GMT",
			"timesecs":	1751553169
		},
		"connecting_to":	{
			"host":	"2a05:d014:144f:5f00:20d2::400",
			"port":	5201
		},
		"cookie":	"bqhqwr7s7qsbewh67pjet5h4b3qlzffyupkl",
		"target_bitrate":	10000000,
		"fq_rate":	0,
		"sock_bufsize":	0,
		"sndbuf_actual":	212992,
		"rcvbuf_actual":	212992,
		"test_start":	{
			"protocol":	"UDP",
			"num_streams":	1,
			"blksize":	1428,
			"omit":	0,
			"duration":	30,
			"bytes":	0,
			"blocks":	0,
			"reverse":	0,
			"tos":	0,
			"target_bitrate":	10000000,
			"bidir":	0,
			"fqrate":	0
		}
	},
	"intervals":	[{
			"streams":	[{
					"socket":	5,
					"start":	0,
					"end":	1.000062,
					"seconds":	1.0000619888305664,
					"bytes":	1249500,
					"bits_per_second":	9995380.39805806,
					"packets":	875,
					"omitted":	false,
					"sender":	true
				}],
			"sum":	{
				"start":	0,
				"end":	1.000062,
				"seconds":	1.0000619888305664,
				"bytes":	1249500,
				"bits_per_second":	9995380.39805806,
				"packets":	875,
				"omitted":	false,
				"sender":	true
			}
		}, {
			"streams":	[{
					"socket":	5,
					"start":	1.000062,
					"end":	2.000061,
					"seconds":	0.99999898672103882,
					"bytes":	1249500,
					"bits_per_second":	9996010.12874676,
					"packets":	875,
					"omitted":	false,
					"sender":	true
				}],
			"sum":	{
				"start":	1.000062,
				"end":	2.000061,
				"seconds":	0.99999898672103882,
				"bytes":	1249500,
				"bits_per_second":	9996010.12874676,
				"packets":	875,
				"omitted":	false,
				"sender":	true
			}
		}, {
			"streams":	[{
					"socket":	5,
					"start":	2.000061,
					"end":	3.000062,
					"seconds":	1.0000009536743164,
					"bytes":	1250928,
					"bits_per_second":	10007414.456185859,
					"packets":	876,
					"omitted":	false,
					"sender":	true
				}],
			"sum":	{
				"start":	2.000061,
				"end":	3.000062,
				"seconds":	1.0000009536743164,
				"bytes":	1250928,
				"bits_per_second":	10007414.456185859,
				"packets":	876,
				"omitted":	false,
				"sender":	true
			}
		}, {
			"streams":	[{
					"socket":	5,
					"start":	3.000062,
					"end":	4.000062,
					"seconds":	1,
					"bytes":	1249500,
					"bits_per_second":	9996000,
					"packets":	875,
					"omitted":	false,
					"sender":	true
				}],
			"sum":	{
				"start":	3.000062,
				"end":	4.000062,
				"seconds":	1,
				"bytes":	1249500,
				"bits_per_second":	9996000,
				"packets":	875,
				"omitted":	false,
				"sender":	true
			}
		}, {
			"streams":	[{
					"socket":	5,
					"start":	4.000062,
					"end":	5.000062,
					"seconds":	1,
					"bytes":	1249500,
					"bits_per_second":	9996000,
					"packets":	875,
					"omitted":	false,
					"sender":	true
				}],
			"sum":	{
				"start":	4.000062,
				"end":	5.000062,
				"seconds":	1,
				"bytes":	1249500,
				"bits_per_second":	9996000,
				"packets":	875,
				"omitted":	false,
				"sender":	true
			}
		}, {
			"streams":	[{
					"socket":	5,
					"start":	5.000062,
					"end":	6.0001,
					"seconds":	1.0000380277633667,
					"bytes":	1250928,
					"bits_per_second":	10007043.454519512,
					"packets":	876,
					"omitted":	false,
					"sender":	true
				}],
			"sum":	{
				"start":	5.000062,
				"end":	6.0001,
				"seconds":	1.0000380277633667,
				"bytes":	1250928,
				"bits_per_second":	10007043.454519512,
				"packets":	876,
				"omitted":	false,
				"sender":	true
			}
		}, {
			"streams":	[{
					"socket":	5,
					"start":	6.0001,
					"end":	7.000063,
					"seconds":	0.99996298551559448,
					"bytes":	1249500,
					"bits_per_second":	9996370.0104818642,
					"packets":	875,
					"omitted":	false,
					"sender":	true
				}],
			"sum":	{
				"start":	6.0001,
				"end":	7.000063,
				"seconds":	0.99996298551559448,
				"bytes":	1249500,
				"bits_per_second":	9996370.0104818642,
				"packets":	875,
				"omitted":	false,
				"sender":	true
			}
		}, {
			"streams":	[{
					"socket":	5,
					"start":	7.000063,
					"end":	8.000062,
					"seconds":	0.99999898672103882,
					"bytes":	1249500,
					"bits_per_second":	9996010.12874676,
					"packets":	875,
					"omitted":	false,
					"sender":	true
				}],
			"sum":	{
				"start":	7.000063,
				"end":	8.000062,
				"seconds":	0.99999898672103882,
				"bytes":	1249500,
				"bits_per_second":	9996010.12874676,
				"packets":	875,
				"omitted":	false,
				"sender":	true
			}
		}, {
			"streams":	[{
					"socket":	5,
					"start":	8.000062,
					"end":	9.000061,
					"seconds":	0.99999898672103882,
					"bytes":	1250928,
					"bits_per_second":	10007434.140322469,
					"packets":	876,
					"omitted":	false,
					"sender":	true
				}],
			"sum":	{
				"start":	8.000062,
				"end":	9.000061,
				"seconds":	0.99999898672103882,
				"bytes":	1250928,
				"bits_per_second":	10007434.140322469,
				"packets":	876,
				"omitted":	false,
				"sender":	true
			}
		}, {
			"streams":	[{
					"socket":	5,
					"start":	9.000061,
					"end":	10.000062,
					"seconds":	1.0000009536743164,
					"bytes":	1249500,
					"bits_per_second":	9995990.4670806248,
					"packets":	875,
					"omitted":	false,
					"sender":	true
				}],
			"sum":	{
				"start":	9.000061,
				"end":	10.000062,
				"seconds":	1.0000009536743164,
				"bytes":	1249500,
				"bits_per_second":	9995990.4670806248,
				"packets":	875,
				"omitted":	false,
				"sender":	true
			}
		}, {
			"streams":	[{
					"socket":	5,
					"start":	10.000062,
					"end":	11.000062,
					"seconds":	1,
					"bytes":	1250928,
					"bits_per_second":	10007424,
					"packets":	876,
					"omitted":	false,
					"sender":	true
				}],
			"sum":	{
				"start":	10.000062,
				"end":	11.000062,
				"seconds":	1,
				"bytes":	1250928,
				"bits_per_second":	10007424,
				"packets":	876,
				"omitted":	false,
				"sender":	true
			}
		}, {
			"streams":	[{
					"socket":	5,
					"start":	11.000062,
					"end":	12.000061,
					"seconds":	0.99999898672103882,
					"bytes":	1249500,
					"bits_per_second":	9996010.12874676,
					"packets":	875,
					"omitted":	false,
					"sender":	true
				}],
			"sum":	{
				"start":	11.000062,
				"end":	12.000061,
				"seconds":	0.99999898672103882,
				"bytes":	1249500,
				"bits_per_second":	9996010.12874676,
				"packets":	875,
				"omitted":	false,
				"sender":	true
			}
		}, {
			"streams":	[{
					"socket":	5,
					"start":	12.000061,
					"end":	13.000062,
					"seconds":	1.0000009536743164,
					"bytes":	1249500,
					"bits_per_second":	9995990.4670806248,
					"packets":	875,
					"omitted":	false,
					"sender":	true
				}],
			"sum":	{
				"start":	12.000061,
				"end":	13.000062,
				"seconds":	1.0000009536743164,
				"bytes":	1249500,
				"bits_per_second":	9995990.4670806248,
				"packets":	875,
				"omitted":	false,
				"sender":	true
			}
		}, {
			"streams":	[{
					"socket":	5,
					"start":	13.000062,
					"end":	14.000062,
					"seconds":	1,
					"bytes":	1250928,
					"bits_per_second":	10007424,
					"packets":	876,
					"omitted":	false,
					"sender":	true
				}],
			"sum":	{
				"start":	13.000062,
				"end":	14.000062,
				"seconds":	1,
				"bytes":	1250928,
				"bits_per_second":	10007424,
				"packets":	876,
				"omitted":	false,
				"sender":	true
			}
		}, {
			"streams":	[{
					"socket":	5,
					"start":	14.000062,
					"end":	15.000062,
					"seconds":	1,
					"bytes":	1249500,
					"bits_per_second":	9996000,
					"packets":	875,
					"omitted":	false,
					"sender":	true
				}],
			"sum":	{
				"start":	14.000062,
				"end":	15.000062,
				"seconds":	1,
				"bytes":	1249500,
				"bits_per_second":	9996000,
				"packets":	875,
				"omitted":	false,
				"sender":	true
			}
		}, {
			"streams":	[{
					"socket":	5,