{
	"start":	{
		"connected":	[{
				"socket":	5,
				"local_host":	"2a05:d014:144f:5f00:20d2::100",
				"local_port":	57640,
				"remote_host":	"2a05:d014:144f:5f00:20d2::400",
				"remote_port":	5201
			}],
		"version":	"iperf 3.16",
		"system_info":	"Linux i-0316e72a8af6a7464 6.8.0-1031-aws #33-Ubuntu SMP Fri Jun 20 18:11:07 UTC 2025 x86_64",
		"timestamp":	{
			"time":	"Tue, 08 Jul 2025 12:24:33 GMT",
			"timesecs":	1751977473
		},
		"connecting_to":	{
			"host":	"2a05:d014:144f:5f00:20d2::400",
			"port":	5201
		},
		"cookie":	"urctqvksftm7ntf65gqptquon62y3ti4mth2",
		"tcp_mss_default":	1428,
		"target_bitrate":	0,
		"fq_rate":	0,
		"sock_bufsize":	0,
		"sndbuf_actual":	16384,
		"rcvbuf_actual":	131072,
		"test_start":	{
			"protocol":	"TCP",
			"num_streams":	1,
			"blksize":	131072,
			"omit":	0,
			"duration":	30,
			"bytes":	0,
			"blocks":	0,
			"reverse":	0,
			"tos":	0,
			"target_bitrate":	0,
			"bidir":	0,
			"fqrate":	0
		}
	},
	"intervals":	[{
			"streams":	[{
					"socket":	5,
					"start":	0,
					"end":	1.000526,
					"seconds":	1.000525951385498,
					"bytes":	3103784960,
					"bits_per_second":	24817227025.061951,
					"retransmits":	0,
					"snd_cwnd":	1038156,
					"snd_wnd":	5227520,
					"rtt":	51,
					"rttvar":	40,
					"pmtu":	1500,
					"omitted":	false,
					"sender":	true
				}],
			"sum":	{
				"start":	0,
				"end":	1.000526,
				"seconds":	1.000525951385498,
				"bytes":	3103784960,
				"bits_per_second":	24817227025.061951,
				"retransmits":	0,
				"omitted":	false,
				"sender":	true
			}
		}, {
			"streams":	[{
					"socket":	5,
					"start":	1.000526,
					"end":	3.000651,
					"seconds":	2.0001249313354492,
					"bytes":	0,
					"bits_per_second":	0,
					"retransmits":	0,
					"snd_cwnd":	1038156,
					"snd_wnd":	5227520,
					"rtt":	51,
					"rttvar":	40,
					"pmtu":	1500,
					"omitted":	false,
					"sender":	true
				}],
			"sum":	{
				"start":	1.000526,
				"end":	3.000651,
				"seconds":	2.0001249313354492,
				"bytes":	0,
				"bits_per_second":	0,
				"retransmits":	0,
				"omitted":	false,
				"sender":	true
			}
		}, {
			"streams":	[{
					"socket":	5,
					"start":	3.000661,
					"end":	4.000534,
					"seconds":	0.99987298250198364,
					"bytes":	3133538304,
					"bits_per_second":	25071490950.052017,
					"retransmits":	0,
					"snd_cwnd":	1038156,
					"snd_wnd":	5577600,
					"rtt":	39,
					"rttvar":	25,
					"pmtu":	1500,
					"omitted":	false,
					"sender":	true
				}],
			"sum":	{
				"start":	3.000661,
				"end":	4.000534,
				"seconds":	0.99987298250198364,
				"bytes":	3133538304,
				"bits_per_second":	25071490950.052017,
				"retransmits":	0,
				"omitted":	false,
				"sender":	true
			}
		}, {
			"streams":	[{
					"socket":	5,
					"start":	4.000534,
					"end":	5.000353,
					"seconds":	0.999818980693817,
					"bytes":	2907701248,
					"bits_per_second":	23265821546.874191,
					"retransmits":	0,
					"snd_cwnd":	1038156,
					"snd_wnd":	5577600,
					"rtt":	35,
					"rttvar":	17,
					"pmtu":	1500,
					"omitted":	false,
					"sender":	true
				}],
			"sum":	{
				"start":	4.000534,
				"end":	5.000353,
				"seconds":	0.999818980693817,
				"bytes":	2907701248,
				"bits_per_second":	23265821546.874191,
				"retransmits":	0,
				"omitted":	false,
				"sender":	true
			}
		}, {
			"streams":	[{
					"socket":	5,
					"start":	5.000353,
					"end":	6.724851,
					"seconds":	1.7244980335235596,
					"bytes":	0,
					"bits_per_second":	0,
					"retransmits":	0,
					"snd_cwnd":	1089564,
					"snd_wnd":	5577600,
					"rtt":	29,
					"rttvar":	10,
					"pmtu":	1500,
					"omitted":	false,
					"sender":	true
				}],
			"sum":	{
				"start":	5.000353,
				"end":	6.724851,
				"seconds":	1.7244980335235596,
				"bytes":	0,
				"bits_per_second":	0,
				"retransmits":	0,
				"omitted":	false,
				"sender":	true
			}
		}, {
			"streams":	[{
					"socket":	5,
					"start":	6.724851,
					"end":	8.585367,
					"seconds":	1.8605159521102905,
					"bytes":	0,
					"bits_per_second":	0,
					"retransmits":	0,
					"snd_cwnd":	1089564,
					"snd_wnd":	5577600,
					"rtt":	29,
					"rttvar":	10,
					"pmtu":	1500,
					"omitted":	false,
					"sender":	true
				}],
			"sum":	{
				"start":	6.724851,
				"end":	8.585367,
				"seconds":	1.8605159521102905,
				"bytes":	0,
				"bits_per_second":	0,
				"retransmits":	0,
				"omitted":	false,
				"sender":	true
			}
		}, {
			"streams":	[{
					"socket":	5,
					"start":	8.585378,
					"end":	9.000351,
					"seconds":	0.41497299075126648,
					"bytes":	1301151744,
					"bits_per_second":	25084075792.873108,
					"retransmits":	0,
					"snd_cwnd":	1089564,
					"snd_wnd":	5577856,
					"rtt":	29,
					"rttvar":	10,
					"pmtu":	1500,
					"omitted":	false,
					"sender":	true
				}],
			"sum":	{
				"start":	8.585378,
				"end":	9.000351,
				"seconds":	0.41497299075126648,
				"bytes":	1301151744,
				"bits_per_second":	25084075792.873108,
				"retransmits":	0,
				"omitted":	false,
				"sender":	true
			}
		}, {
			"streams":	[{
					"socket":	5,
					"start":	9.000351,
					"end":	12.553368,
					"seconds":	3.5530169010162354,
					"bytes":	0,
					"bits_per_second":	0,
					"retransmits":	0,
					"snd_cwnd":	1089564,
					"snd_wnd":	5577856,
					"rtt":	29,
					"rttvar":	10,
					"pmtu":	1500,
					"omitted":	false,
					"sender":	true
				}],
			"sum":	{
				"start":	9.000351,
				"end":	12.553368,
				"seconds":	3.5530169010162354,
				"bytes":	0,
				"bits_per_second":	0,
				"retransmits":	0,
				"omitted":	false,
				"sender":	true
			}
		}, {
			"streams":	[{
					"socket":	5,
					"start":	12.553381,
					"end":	13.000335,
					"seconds":	0.44695401191711426,
					"bytes":	1400766464,
					"bits_per_second":	25072225359.234787,
					"retransmits":	0,
					"snd_cwnd":	1089564,
					"snd_wnd":	5577856,
					"rtt":	29,
					"rttvar":	12,
					"pmtu":	1500,
					"omitted":	false,
					"sender":	true
				}],
			"sum":	{
				"start":	12.553381,
				"end":	13.000335,
				"seconds":	0.44695401191711426,
				"bytes":	1400766464,
				"bits_per_second":	25072225359.234787,
				"retransmits":	0,
				"omitted":	false,
				"sender":	true
			}
		}, {
			"streams":	[{
					"socket":	5,
					"start":	13.000335,
					"end":	14.000546,
					"seconds":	1.0002110004425049,
					"bytes":	131072,
					"bits_per_second":	1048354.7966739996,
					"retransmits":	0,
					"snd_cwnd":	1089564,
					"snd_wnd":	5577856,
					"rtt":	31,
					"rttvar":	11,
					"pmtu":	1500,
					"omitted":	false,
					"sender":	true
				}],
			"sum":	{
				"start":	13.000335,
				"end":	14.000546,
				"seconds":	1.0002110004425049,
				"bytes":	131072,
				"bits_per_second":	1048354.7966739996,
				"retransmits":	0,
				"omitted":	false,
				"sender":	true
			}
		}, {
			"streams":	[{
					"socket":	5,
					"start":	14.000546,
					"end":	15.00035,
					"seconds":	0.99980401992797852,
					"bytes":	1251082240,
					"bits_per_second":	10010619801.989773,
					"retransmits":	0,
					"snd_cwnd":	1089564,
					"snd_wnd":	5577856,
					"rtt":	39,
					"rttvar":	12,
					"pmtu":	1500,
					"omitted":	false,
					"sender":	true
				}],
			"sum":	{
				"start":	14.000546,
				"end":	15.00035,
				"seconds":	0.99980401992797852,
				"bytes":	1251082240,
				"bits_per_second":	10010619801.989773,
				"retransmits":	0,
				"omitted":	false,
				"sender":	true
			}
		}, {
			"streams":	[{
					"socket":	5,
					"start":	15.00035,
					"end":	16.000376,
					"seconds":	1.0000259876251221,
					"bytes":	3122266112,
					"bits_per_second":	24977479790.618706,
					"retransmits":	0,
					"snd_cwnd":	1635060,
					"snd_wnd":	5577856,
					"rtt":	41,
					"rttvar":	17,
					"pmtu":	1500,
					"omitted":	false,
					"sender":	true
				}],
			"sum":	{
				"start":	15.00035,
				"end":	16.000376,
				"seconds":	1.0000259876251221,
				"bytes":	3122266112,
				"bits_per_second":	24977479790.618706,
				"retransmits":	0,
				"omitted":	false,
				"sender":	true
			}
		}, {
			"streams":	[{
					"socket":	5,