{
	"start":	{
		"connected":	[{
				"socket":	5,
				"local_host":	"fd00:64:64:5f00:20d2::301",
				"local_port":	44232,
				"remote_host":	"fd00:64:64:5f00:20d2::400",
				"remote_port":	5201
			}],
		"version":	"iperf 3.9",
		"system_info":	"Linux ace-3 5.15.0-151-generic #161-Ubuntu SMP Tue Jul 22 14:25:40 UTC 2025 x86_64",
		"timestamp":	{
			"time":	"Wed, 27 Aug 2025 16:16:15 GMT",
			"timesecs":	1756311375
		},
		"connecting_to":	{
			"host":	"fd00:64:64:5f00:20d2::400",
			"port":	5201
		},
		"cookie":	"sk2gll4qjxpabnuleghnyf7vwzvbbf43hviq",
		"tcp_mss_default":	1428,
		"sock_bufsize":	0,
		"sndbuf_actual":	16384,
		"rcvbuf_actual":	131072,
		"test_start":	{
			"protocol":	"TCP",
			"num_streams":	1,
			"blksize":	131072,
			"omit":	0,
			"duration":	30,
			"bytes":	0,
			"blocks":	0,
			"reverse":	0,
			"tos":	0
		}
	},
	"intervals":	[{
			"streams":	[{
					"socket":	5,
					"start":	0,
					"end":	1.000112,
					"seconds":	1.0001120567321777,
					"bytes":	79938012,
					"bits_per_second":	639432443.28995645,
					"retransmits":	383,
					"snd_cwnd":	298452,
					"rtt":	2450,
					"rttvar":	142,
					"pmtu":	1500,
					"omitted":	false,
					"sender":	true
				}],
			"sum":	{
				"start":	0,
				"end":	1.000112,
				"seconds":	1.0001120567321777,
				"bytes":	79938012,
				"bits_per_second":	639432443.28995645,
				"retransmits":	383,
				"omitted":	false,
				"sender":	true
			}
		}, {
			"streams":	[{
					"socket":	5,
					"start":	1.000112,
					"end":	2.000153,
					"seconds":	1.0000410079956055,
					"bytes":	78911280,
					"bits_per_second":	631264353.11418164,
					"retransmits":	342,
					"snd_cwnd":	402696,
					"rtt":	4128,
					"rttvar":	136,
					"pmtu":	1500,
					"omitted":	false,
					"sender":	true
				}],
			"sum":	{
				"start":	1.000112,
				"end":	2.000153,
				"seconds":	1.0000410079956055,
				"bytes":	78911280,
				"bits_per_second":	631264353.11418164,
				"retransmits":	342,
				"omitted":	false,
				"sender":	true
			}
		}, {
			"streams":	[{
					"socket":	5,
					"start":	2.000153,
					"end":	3.000105,
					"seconds":	0.99995201826095581,
					"bytes":	79682400,
					"bits_per_second":	637489787.868645,
					"retransmits":	245,
					"snd_cwnd":	506940,
					"rtt":	6299,
					"rttvar":	149,
					"pmtu":	1500,
					"omitted":	false,
					"sender":	true
				}],
			"sum":	{
				"start":	2.000153,
				"end":	3.000105,
				"seconds":	0.99995201826095581,
				"bytes":	79682400,
				"bits_per_second":	637489787.868645,
				"retransmits":	245,
				"omitted":	false,
				"sender":	true
			}
		}, {
			"streams":	[{
					"socket":	5,
					"start":	3.000105,
					"end":	4.000158,
					"seconds":	1.00005304813385,
					"bytes":	78975540,
					"bits_per_second":	631770805.73773468,
					"retransmits":	396,
					"snd_cwnd":	582624,
					"rtt":	8414,
					"rttvar":	108,
					"pmtu":	1500,
					"omitted":	false,
					"sender":	true
				}],
			"sum":	{
				"start":	3.000105,
				"end":	4.000158,
				"seconds":	1.00005304813385,
				"bytes":	78975540,
				"bits_per_second":	631770805.73773468,
				"retransmits":	396,
				"omitted":	false,
				"sender":	true
			}
		}, {
			"streams":	[{
					"socket":	5,
					"start":	4.000158,
					"end":	5.000121,
					"seconds":	0.99996298551559448,
					"bytes":	81491220,
					"bits_per_second":	651953891.73715878,
					"retransmits":	182,
					"snd_cwnd":	669732,
					"rtt":	8107,
					"rttvar":	137,
					"pmtu":	1500,
					"omitted":	false,
					"sender":	true
				}],
			"sum":	{
				"start":	4.000158,
				"end":	5.000121,
				"seconds":	0.99996298551559448,
				"bytes":	81491220,
				"bits_per_second":	651953891.73715878,
				"retransmits":	182,
				"omitted":	false,
				"sender":	true
			}
		}, {
			"streams":	[{
					"socket":	5,
					"start":	5.000121,
					"end":	6.000151,
					"seconds":	1.0000300407409668,
					"bytes":	79953920,
					"bits_per_second":	639612145.57721555,
					"retransmits":	373,
					"snd_cwnd":	729708,
					"rtt":	10058,
					"rttvar":	131,
					"pmtu":	1500,
					"omitted":	false,
					"sender":	true
				}],
			"sum":	{
				"start":	5.000121,
				"end":	6.000151,
				"seconds":	1.0000300407409668,
				"bytes":	79953920,
				"bits_per_second":	639612145.57721555,
				"retransmits":	373,
				"omitted":	false,
				"sender":	true
			}
		}, {
			"streams":	[{
					"socket":	5,
					"start":	6.000151,
					"end":	7.000111,
					"seconds":	0.99996000528335571,
					"bytes":	82575360,
					"bits_per_second":	660629301.68172765,
					"retransmits":	413,
					"snd_cwnd":	789684,
					"rtt":	5841,
					"rttvar":	206,
					"pmtu":	1500,
					"omitted":	false,
					"sender":	true
				}],
			"sum":	{
				"start":	6.000151,
				"end":	7.000111,
				"seconds":	0.99996000528335571,
				"bytes":	82575360,
				"bits_per_second":	660629301.68172765,
				"retransmits":	413,
				"omitted":	false,
				"sender":	true
			}
		}, {
			"streams":	[{
					"socket":	5,
					"start":	7.000111,
					"end":	8.000105,
					"seconds":	0.99999397993087769,
					"bytes":	83886080,
					"bits_per_second":	671092680.0243212,
					"retransmits":	42,
					"snd_cwnd":	856800,
					"rtt":	6205,
					"rttvar":	115,
					"pmtu":	1500,
					"omitted":	false,
					"sender":	true
				}],
			"sum":	{
				"start":	7.000111,
				"end":	8.000105,
				"seconds":	0.99999397993087769,
				"bytes":	83886080,
				"bits_per_second":	671092680.0243212,
				"retransmits":	42,
				"omitted":	false,
				"sender":	true
			}
		}, {
			"streams":	[{
					"socket":	5,
					"start":	8.000105,
					"end":	9.00016,
					"seconds":	1.0000549554824829,
					"bytes":	83886080,
					"bits_per_second":	671051762.026647,
					"retransmits":	252,
					"snd_cwnd":	908208,
					"rtt":	6856,
					"rttvar":	271,
					"pmtu":	1500,
					"omitted":	false,
					"sender":	true
				}],
			"sum":	{
				"start":	8.000105,
				"end":	9.00016,
				"seconds":	1.0000549554824829,
				"bytes":	83886080,
				"bits_per_second":	671051762.026647,
				"retransmits":	252,
				"omitted":	false,
				"sender":	true
			}
		}, {
			"streams":	[{
					"socket":	5,
					"start":	9.00016,
					"end":	10.000147,
					"seconds":	0.999987006187439,
					"bytes":	83886080,
					"bits_per_second":	671097360.11330748,
					"retransmits":	224,
					"snd_cwnd":	953904,
					"rtt":	9282,
					"rttvar":	108,
					"pmtu":	1500,
					"omitted":	false,
					"sender":	true
				}],
			"sum":	{
				"start":	9.00016,
				"end":	10.000147,
				"seconds":	0.999987006187439,
				"bytes":	83886080,
				"bits_per_second":	671097360.11330748,
				"retransmits":	224,
				"omitted":	false,
				"sender":	true
			}
		}, {
			"streams":	[{
					"socket":	5,
					"start":	10.000147,
					"end":	11.000158,
					"seconds":	1.0000109672546387,
					"bytes":	85196800,
					"bits_per_second":	681566925.08197927,
					"retransmits":	191,
					"snd_cwnd":	989604,
					"rtt":	6528,
					"rttvar":	471,
					"pmtu":	1500,
					"omitted":	false,
					"sender":	true
				}],
			"sum":	{
				"start":	10.000147,
				"end":	11.000158,
				"seconds":	1.0000109672546387,
				"bytes":	85196800,
				"bits_per_second":	681566925.08197927,
				"retransmits":	191,
				"omitted":	false,
				"sender":	true
			}
		}, {
			"streams":	[{
					"socket":	5,
					"start":	11.000158,
					"end":	12.000113,
					"seconds":	0.99995499849319458,
					"bytes":	83886080,
					"bits_per_second":	671118841.35910666,
					"retransmits":	146,
					"snd_cwnd":	1022448,
					"rtt":	8412,
					"rttvar":	82,
					"pmtu":	1500,
					"omitted":	false,
					"sender":	true
				}],
			"sum":	{
				"start":	11.000158,
				"end":	12.000113,
				"seconds":	0.99995499849319458,
				"bytes":	83886080,
				"bits_per_second":	671118841.35910666,
				"retransmits":	146,
				"omitted":	false,
				"sender":	true
			}
		}, {
			"streams":	[{
					"socket":	5,
					"start":	12.000113,
					"end":	13.00016,
					"seconds":	1.000046968460083,
					"bytes":	83886080,
					"bits_per_second":	671057121.48037636,
					"retransmits":	155,