{
	"start":	{
		"connected":	[{
				"socket":	5,
				"local_host":	"192.0.0.2",
				"local_port":	51836,
				"remote_host":	"192.0.0.171",
				"remote_port":	5201
			}],
		"version":	"iperf 3.9",
		"system_info":	"Linux ace-3 5.15.0-151-generic #161-Ubuntu SMP Tue Jul 22 14:25:40 UTC 2025 x86_64",
		"timestamp":	{
			"time":	"Wed, 27 Aug 2025 16:13:44 GMT",
			"timesecs":	1756311224
		},
		"connecting_to":	{
			"host":	"192.0.0.171",
			"port":	5201
		},
		"cookie":	"a42h5tie2jpee4ctaqd4llvmjq6inv3tcnii",
		"tcp_mss_default":	1428,
		"sock_bufsize":	0,
		"sndbuf_actual":	16384,
		"rcvbuf_actual":	131072,
		"test_start":	{
			"protocol":	"TCP",
			"num_streams":	1,
			"blksize":	131072,
			"omit":	0,
			"duration":	30,
			"bytes":	0,
			"blocks":	0,
			"reverse":	0,
			"tos":	0
		}
	},
	"intervals":	[{
			"streams":	[{
					"socket":	5,
					"start":	0,
					"end":	1.000146,
					"seconds":	1.0001460313797,
					"bytes":	67473000,
					"bits_per_second":	539705186.10704172,
					"retransmits":	421,
					"snd_cwnd":	297024,
					"rtt":	4417,
					"rttvar":	560,
					"pmtu":	1500,
					"omitted":	false,
					"sender":	true
				}],
			"sum":	{
				"start":	0,
				"end":	1.000146,
				"seconds":	1.0001460313797,
				"bytes":	67473000,
				"bits_per_second":	539705186.10704172,
				"retransmits":	421,
				"omitted":	false,
				"sender":	true
			}
		}, {
			"streams":	[{
					"socket":	5,
					"start":	1.000146,
					"end":	2.000096,
					"seconds":	0.99994999170303345,
					"bytes":	68244120,
					"bits_per_second":	545980263.543157,
					"retransmits":	351,
					"snd_cwnd":	388416,
					"rtt":	5369,
					"rttvar":	37,
					"pmtu":	1500,
					"omitted":	false,
					"sender":	true
				}],
			"sum":	{
				"start":	1.000146,
				"end":	2.000096,
				"seconds":	0.99994999170303345,
				"bytes":	68244120,
				"bits_per_second":	545980263.543157,
				"retransmits":	351,
				"omitted":	false,
				"sender":	true
			}
		}, {
			"streams":	[{
					"socket":	5,
					"start":	2.000096,
					"end":	3.000124,
					"seconds":	1.0000280141830444,
					"bytes":	68950980,
					"bits_per_second":	551592387.589888,
					"retransmits":	142,
					"snd_cwnd":	489804,
					"rtt":	5591,
					"rttvar":	218,
					"pmtu":	1500,
					"omitted":	false,
					"sender":	true
				}],
			"sum":	{
				"start":	2.000096,
				"end":	3.000124,
				"seconds":	1.0000280141830444,
				"bytes":	68950980,
				"bits_per_second":	551592387.589888,
				"retransmits":	142,
				"omitted":	false,
				"sender":	true
			}
		}, {
			"streams":	[{
					"socket":	5,
					"start":	3.000124,
					"end":	4.000094,
					"seconds":	0.999970018863678,
					"bytes":	68436900,
					"bits_per_second":	547511615.020368,
					"retransmits":	199,
					"snd_cwnd":	566916,
					"rtt":	7443,
					"rttvar":	316,
					"pmtu":	1500,
					"omitted":	false,
					"sender":	true
				}],
			"sum":	{
				"start":	3.000124,
				"end":	4.000094,
				"seconds":	0.999970018863678,
				"bytes":	68436900,
				"bits_per_second":	547511615.020368,
				"retransmits":	199,
				"omitted":	false,
				"sender":	true
			}
		}, {
			"streams":	[{
					"socket":	5,
					"start":	4.000094,
					"end":	5.000174,
					"seconds":	1.0000799894332886,
					"bytes":	68653360,
					"bits_per_second":	549182951.16696441,
					"retransmits":	144,
					"snd_cwnd":	641172,
					"rtt":	7078,
					"rttvar":	85,
					"pmtu":	1500,
					"omitted":	false,
					"sender":	true
				}],
			"sum":	{
				"start":	4.000094,
				"end":	5.000174,
				"seconds":	1.0000799894332886,
				"bytes":	68653360,
				"bits_per_second":	549182951.16696441,
				"retransmits":	144,
				"omitted":	false,
				"sender":	true
			}
		}, {
			"streams":	[{
					"socket":	5,
					"start":	5.000174,
					"end":	6.000139,
					"seconds":	0.999965012073517,
					"bytes":	72089600,
					"bits_per_second":	576736978.83101547,
					"retransmits":	45,
					"snd_cwnd":	714000,
					"rtt":	8028,
					"rttvar":	105,
					"pmtu":	1500,
					"omitted":	false,
					"sender":	true
				}],
			"sum":	{
				"start":	5.000174,
				"end":	6.000139,
				"seconds":	0.999965012073517,
				"bytes":	72089600,
				"bits_per_second":	576736978.83101547,
				"retransmits":	45,
				"omitted":	false,
				"sender":	true
			}
		}, {
			"streams":	[{
					"socket":	5,
					"start":	6.000139,
					"end":	7.000149,
					"seconds":	1.0000100135803223,
					"bytes":	73400320,
					"bits_per_second":	587196680.05887926,
					"retransmits":	0,
					"snd_cwnd":	769692,
					"rtt":	8874,
					"rttvar":	253,
					"pmtu":	1500,
					"omitted":	false,
					"sender":	true
				}],
			"sum":	{
				"start":	6.000139,
				"end":	7.000149,
				"seconds":	1.0000100135803223,
				"bytes":	73400320,
				"bits_per_second":	587196680.05887926,
				"retransmits":	0,
				"omitted":	false,
				"sender":	true
			}
		}, {
			"streams":	[{
					"socket":	5,
					"start":	7.000149,
					"end":	8.0001,
					"seconds":	0.99995100498199463,
					"bytes":	73400320,
					"bits_per_second":	587231331.40965569,
					"retransmits":	290,
					"snd_cwnd":	811104,
					"rtt":	7075,
					"rttvar":	108,
					"pmtu":	1500,
					"omitted":	false,
					"sender":	true
				}],
			"sum":	{
				"start":	7.000149,
				"end":	8.0001,
				"seconds":	0.99995100498199463,
				"bytes":	73400320,
				"bits_per_second":	587231331.40965569,
				"retransmits":	290,
				"omitted":	false,
				"sender":	true
			}
		}, {
			"streams":	[{
					"socket":	5,
					"start":	8.0001,
					"end":	9.000093,
					"seconds":	0.99999302625656128,
					"bytes":	73400320,
					"bits_per_second":	587206655.02855766,
					"retransmits":	272,
					"snd_cwnd":	855372,
					"rtt":	8379,
					"rttvar":	57,
					"pmtu":	1500,
					"omitted":	false,
					"sender":	true
				}],
			"sum":	{
				"start":	8.0001,
				"end":	9.000093,
				"seconds":	0.99999302625656128,
				"bytes":	73400320,
				"bits_per_second":	587206655.02855766,
				"retransmits":	272,
				"omitted":	false,
				"sender":	true
			}
		}, {
			"streams":	[{
					"socket":	5,
					"start":	9.000093,
					"end":	10.0001,
					"seconds":	1.0000070333480835,
					"bytes":	73400320,
					"bits_per_second":	587198430.02904749,
					"retransmits":	50,
					"snd_cwnd":	899640,
					"rtt":	7911,
					"rttvar":	113,
					"pmtu":	1500,
					"omitted":	false,
					"sender":	true
				}],
			"sum":	{
				"start":	9.000093,
				"end":	10.0001,
				"seconds":	1.0000070333480835,
				"bytes":	73400320,
				"bits_per_second":	587198430.02904749,
				"retransmits":	50,
				"omitted":	false,
				"sender":	true
			}
		}, {
			"streams":	[{
					"socket":	5,
					"start":	10.0001,
					"end":	11.000104,
					"seconds":	1.0000040531158447,
					"bytes":	73400320,
					"bits_per_second":	587200180.00964642,
					"retransmits":	151,
					"snd_cwnd":	935340,
					"rtt":	6936,
					"rttvar":	39,
					"pmtu":	1500,
					"omitted":	false,
					"sender":	true
				}],
			"sum":	{
				"start":	10.0001,
				"end":	11.000104,
				"seconds":	1.0000040531158447,
				"bytes":	73400320,
				"bits_per_second":	587200180.00964642,
				"retransmits":	151,
				"omitted":	false,
				"sender":	true
			}
		}, {
			"streams":	[{
					"socket":	5,
					"start":	11.000104,
					"end":	12.000104,
					"seconds":	1,
					"bytes":	73400320,
					"bits_per_second":	587202560,
					"retransmits":	90,
					"snd_cwnd":	973896,
					"rtt":	4570,
					"rttvar":	899,
					"pmtu":	1500,
					"omitted":	false,
					"sender":	true
				}],
			"sum":	{
				"start":	11.000104,
				"end":	12.000104,
				"seconds":	1,
				"bytes":	73400320,
				"bits_per_second":	587202560,
				"retransmits":	90,
				"omitted":	false,
				"sender":	true
			}
		}, {
			"streams":	[{
					"socket":	5,
					"start":	12.000104,
					"end":	13.000177,
					"seconds":	1.0000729560852051,
					"bytes":	73400320,
					"bits_per_second":	587159723.12521064,
					"retransmits":	366,
					"snd_cwnd":	998172,
					"rtt":	12957,
					"rttvar":	173,
					"pmtu":	1500,
					"omitted":	false,
					"sender":	true
				}],