{
	"start":	{
		"connected":	[{
				"socket":	5,
				"local_host":	"fd00:64:64:5f00:20d2::100",
				"local_port":	48672,
				"remote_host":	"fd00:64:64:5f00:20d2::400",
				"remote_port":	5201
			}],
		"version":	"iperf 3.9",
		"system_info":	"Linux ace-3 5.15.0-151-generic #161-Ubuntu SMP Tue Jul 22 14:25:40 UTC 2025 x86_64",
		"timestamp":	{
			"time":	"Wed, 27 Aug 2025 16:11:14 GMT",
			"timesecs":	1756311074
		},
		"connecting_to":	{
			"host":	"fd00:64:64:5f00:20d2::400",
			"port":	5201
		},
		"cookie":	"on3tpd5idgst7jnslg756xpbdpltnnsndpfl",
		"tcp_mss_default":	1428,
		"sock_bufsize":	0,
		"sndbuf_actual":	16384,
		"rcvbuf_actual":	131072,
		"test_start":	{
			"protocol":	"TCP",
			"num_streams":	1,
			"blksize":	131072,
			"omit":	0,
			"duration":	30,
			"bytes":	0,
			"blocks":	0,
			"reverse":	0,
			"tos":	0
		}
	},
	"intervals":	[{
			"streams":	[{
					"socket":	5,
					"start":	0,
					"end":	1.000046,
					"seconds":	1.0000460147857666,
					"bytes":	107024384,
					"bits_per_second":	856155676.17997777,
					"retransmits":	527,
					"snd_cwnd":	499800,
					"rtt":	2904,
					"rttvar":	530,
					"pmtu":	1500,
					"omitted":	false,
					"sender":	true
				}],
			"sum":	{
				"start":	0,
				"end":	1.000046,
				"seconds":	1.0000460147857666,
				"bytes":	107024384,
				"bits_per_second":	856155676.17997777,
				"retransmits":	527,
				"omitted":	false,
				"sender":	true
			}
		}, {
			"streams":	[{
					"socket":	5,
					"start":	1.000046,
					"end":	2.000155,
					"seconds":	1.0001089572906494,
					"bytes":	105990260,
					"bits_per_second":	847829702.77265382,
					"retransmits":	189,
					"snd_cwnd":	618324,
					"rtt":	6019,
					"rttvar":	414,
					"pmtu":	1500,
					"omitted":	false,
					"sender":	true
				}],
			"sum":	{
				"start":	1.000046,
				"end":	2.000155,
				"seconds":	1.0001089572906494,
				"bytes":	105990260,
				"bits_per_second":	847829702.77265382,
				"retransmits":	189,
				"omitted":	false,
				"sender":	true
			}
		}, {
			"streams":	[{
					"socket":	5,
					"start":	2.000155,
					"end":	3.000114,
					"seconds":	0.99995899200439453,
					"bytes":	105979220,
					"bits_per_second":	847868529.38892722,
					"retransmits":	558,
					"snd_cwnd":	696864,
					"rtt":	4031,
					"rttvar":	50,
					"pmtu":	1500,
					"omitted":	false,
					"sender":	true
				}],
			"sum":	{
				"start":	2.000155,
				"end":	3.000114,
				"seconds":	0.99995899200439453,
				"bytes":	105979220,
				"bits_per_second":	847868529.38892722,
				"retransmits":	558,
				"omitted":	false,
				"sender":	true
			}
		}, {
			"streams":	[{
					"socket":	5,
					"start":	3.000114,
					"end":	4.000179,
					"seconds":	1.0000649690628052,
					"bytes":	106168320,
					"bits_per_second":	849291382.33484125,
					"retransmits":	135,
					"snd_cwnd":	788256,
					"rtt":	5834,
					"rttvar":	103,
					"pmtu":	1500,
					"omitted":	false,
					"sender":	true
				}],
			"sum":	{
				"start":	3.000114,
				"end":	4.000179,
				"seconds":	1.0000649690628052,
				"bytes":	106168320,
				"bits_per_second":	849291382.33484125,
				"retransmits":	135,
				"omitted":	false,
				"sender":	true
			}
		}, {
			"streams":	[{
					"socket":	5,
					"start":	4.000179,
					"end":	5.000077,
					"seconds":	0.99989801645278931,
					"bytes":	107479040,
					"bits_per_second":	859920017.693722,
					"retransmits":	0,
					"snd_cwnd":	878220,
					"rtt":	7799,
					"rttvar":	159,
					"pmtu":	1500,
					"omitted":	false,
					"sender":	true
				}],
			"sum":	{
				"start":	4.000179,
				"end":	5.000077,
				"seconds":	0.99989801645278931,
				"bytes":	107479040,
				"bits_per_second":	859920017.693722,
				"retransmits":	0,
				"omitted":	false,
				"sender":	true
			}
		}, {
			"streams":	[{
					"socket":	5,
					"start":	5.000077,
					"end":	6.000105,
					"seconds":	1.0000280141830444,
					"bytes":	107479040,
					"bits_per_second":	859808233.17477274,
					"retransmits":	45,
					"snd_cwnd":	955332,
					"rtt":	8718,
					"rttvar":	430,
					"pmtu":	1500,
					"omitted":	false,
					"sender":	true
				}],
			"sum":	{
				"start":	5.000077,
				"end":	6.000105,
				"seconds":	1.0000280141830444,
				"bytes":	107479040,
				"bits_per_second":	859808233.17477274,
				"retransmits":	45,
				"omitted":	false,
				"sender":	true
			}
		}, {
			"streams":	[{
					"socket":	5,
					"start":	6.000105,
					"end":	7.000106,
					"seconds":	1.0000009536743164,
					"bytes":	107479040,
					"bits_per_second":	859831500.000782,
					"retransmits":	45,
					"snd_cwnd":	1019592,
					"rtt":	10072,
					"rttvar":	101,
					"pmtu":	1500,
					"omitted":	false,
					"sender":	true
				}],
			"sum":	{
				"start":	6.000105,
				"end":	7.000106,
				"seconds":	1.0000009536743164,
				"bytes":	107479040,
				"bits_per_second":	859831500.000782,
				"retransmits":	45,
				"omitted":	false,
				"sender":	true
			}
		}, {
			"streams":	[{
					"socket":	5,
					"start":	7.000106,
					"end":	8.000155,
					"seconds":	1.0000489950180054,
					"bytes":	106168320,
					"bits_per_second":	849304948.2887665,
					"retransmits":	0,
					"snd_cwnd":	1086708,
					"rtt":	9198,
					"rttvar":	87,
					"pmtu":	1500,
					"omitted":	false,
					"sender":	true
				}],
			"sum":	{
				"start":	7.000106,
				"end":	8.000155,
				"seconds":	1.0000489950180054,
				"bytes":	106168320,
				"bits_per_second":	849304948.2887665,
				"retransmits":	0,
				"omitted":	false,
				"sender":	true
			}
		}, {
			"streams":	[{
					"socket":	5,
					"start":	8.000155,
					"end":	9.000158,
					"seconds":	1.0000029802322388,
					"bytes":	107479040,
					"bits_per_second":	859829757.50763679,
					"retransmits":	90,
					"snd_cwnd":	1146684,
					"rtt":	4164,
					"rttvar":	72,
					"pmtu":	1500,
					"omitted":	false,
					"sender":	true
				}],
			"sum":	{
				"start":	8.000155,
				"end":	9.000158,
				"seconds":	1.0000029802322388,
				"bytes":	107479040,
				"bits_per_second":	859829757.50763679,
				"retransmits":	90,
				"omitted":	false,
				"sender":	true
			}
		}, {
			"streams":	[{
					"socket":	5,
					"start":	9.000158,
					"end":	10.000155,
					"seconds":	0.99999701976776123,
					"bytes":	107479040,
					"bits_per_second":	859834882.507637,
					"retransmits":	0,
					"snd_cwnd":	1205232,
					"rtt":	10990,
					"rttvar":	263,
					"pmtu":	1500,
					"omitted":	false,
					"sender":	true
				}],
			"sum":	{
				"start":	9.000158,
				"end":	10.000155,
				"seconds":	0.99999701976776123,
				"bytes":	107479040,
				"bits_per_second":	859834882.507637,
				"retransmits":	0,
				"omitted":	false,
				"sender":	true
			}
		}, {
			"streams":	[{
					"socket":	5,
					"start":	10.000155,
					"end":	11.000106,
					"seconds":	0.99995100498199463,
					"bytes":	106168320,
					"bits_per_second":	849388175.7889663,
					"retransmits":	25,
					"snd_cwnd":	1255212,
					"rtt":	10754,
					"rttvar":	268,
					"pmtu":	1500,
					"omitted":	false,
					"sender":	true
				}],
			"sum":	{
				"start":	10.000155,
				"end":	11.000106,
				"seconds":	0.99995100498199463,
				"bytes":	106168320,
				"bits_per_second":	849388175.7889663,
				"retransmits":	25,
				"omitted":	false,
				"sender":	true
			}
		}, {
			"streams":	[{
					"socket":	5,
					"start":	11.000106,
					"end":	12.000152,
					"seconds":	1.0000460147857666,
					"bytes":	107479040,
					"bits_per_second":	859792756.82049119,
					"retransmits":	71,
					"snd_cwnd":	1305192,
					"rtt":	7996,
					"rttvar":	539,
					"pmtu":	1500,
					"omitted":	false,
					"sender":	true
				}],
			"sum":	{
				"start":	11.000106,
				"end":	12.000152,
				"seconds":	1.0000460147857666,
				"bytes":	107479040,
				"bits_per_second":	859792756.82049119,
				"retransmits":	71,
				"omitted":	false,
				"sender":	true
			}
		}, {
			"streams":	[{
					"socket":	5,
					"start":	12.000152,
					"end":	13.00016,
					"seconds":	1.0000079870224,
					"bytes":	107479040,
					"bits_per_second":	859825452.55485046,
					"retransmits":	0,