{
	"start":	{
		"connected":	[{
				"socket":	5,
				"local_host":	"fd00:64:64:5f00:20d2::200",
				"local_port":	44252,
				"remote_host":	"fd00:64:64:5f00:20d2::400",
				"remote_port":	5201
			}],
		"version":	"iperf 3.9",
		"system_info":	"Linux ace-3 5.15.0-151-generic #161-Ubuntu SMP Tue Jul 22 14:25:40 UTC 2025 x86_64",
		"timestamp":	{
			"time":	"Wed, 27 Aug 2025 16:21:16 GMT",
			"timesecs":	1756311676
		},
		"connecting_to":	{
			"host":	"fd00:64:64:5f00:20d2::400",
			"port":	5201
		},
		"cookie":	"54jc7keurw2cpkymvx5xzsztn6fhf3htbkyi",
		"tcp_mss_default":	1428,
		"sock_bufsize":	0,
		"sndbuf_actual":	16384,
		"rcvbuf_actual":	131072,
		"test_start":	{
			"protocol":	"TCP",
			"num_streams":	1,
			"blksize":	131072,
			"omit":	0,
			"duration":	30,
			"bytes":	0,
			"blocks":	0,
			"reverse":	0,
			"tos":	0
		}
	},
	"intervals":	[{
			"streams":	[{
					"socket":	5,
					"start":	0,
					"end":	1.000104,
					"seconds":	1.0001039505004883,
					"bytes":	104628684,
					"bits_per_second":	836942471.411217,
					"retransmits":	181,
					"snd_cwnd":	257040,
					"rtt":	2635,
					"rttvar":	224,
					"pmtu":	1500,
					"omitted":	false,
					"sender":	true
				}],
			"sum":	{
				"start":	0,
				"end":	1.000104,
				"seconds":	1.0001039505004883,
				"bytes":	104628684,
				"bits_per_second":	836942471.411217,
				"retransmits":	181,
				"omitted":	false,
				"sender":	true
			}
		}, {
			"streams":	[{
					"socket":	5,
					"start":	1.000104,
					"end":	2.000156,
					"seconds":	1.0000519752502441,
					"bytes":	105322140,
					"bits_per_second":	842533329.11938,
					"retransmits":	361,
					"snd_cwnd":	489804,
					"rtt":	4078,
					"rttvar":	205,
					"pmtu":	1500,
					"omitted":	false,
					"sender":	true
				}],
			"sum":	{
				"start":	1.000104,
				"end":	2.000156,
				"seconds":	1.0000519752502441,
				"bytes":	105322140,
				"bits_per_second":	842533329.11938,
				"retransmits":	361,
				"omitted":	false,
				"sender":	true
			}
		}, {
			"streams":	[{
					"socket":	5,
					"start":	2.000156,
					"end":	3.00014,
					"seconds":	0.9999840259552002,
					"bytes":	107828280,
					"bits_per_second":	862640019.8503232,
					"retransmits":	252,
					"snd_cwnd":	602616,
					"rtt":	4827,
					"rttvar":	234,
					"pmtu":	1500,
					"omitted":	false,
					"sender":	true
				}],
			"sum":	{
				"start":	2.000156,
				"end":	3.00014,
				"seconds":	0.9999840259552002,
				"bytes":	107828280,
				"bits_per_second":	862640019.8503232,
				"retransmits":	252,
				"omitted":	false,
				"sender":	true
			}
		}, {
			"streams":	[{
					"socket":	5,
					"start":	3.00014,
					"end":	4.000106,
					"seconds":	0.999966025352478,
					"bytes":	105891280,
					"bits_per_second":	847159021.929165,
					"retransmits":	612,
					"snd_cwnd":	672588,
					"rtt":	6558,
					"rttvar":	81,
					"pmtu":	1500,
					"omitted":	false,
					"sender":	true
				}],
			"sum":	{
				"start":	3.00014,
				"end":	4.000106,
				"seconds":	0.999966025352478,
				"bytes":	105891280,
				"bits_per_second":	847159021.929165,
				"retransmits":	612,
				"omitted":	false,
				"sender":	true
			}
		}, {
			"streams":	[{
					"socket":	5,
					"start":	4.000106,
					"end":	5.000155,
					"seconds":	1.0000489950180054,
					"bytes":	106168320,
					"bits_per_second":	849304948.2887665,
					"retransmits":	290,
					"snd_cwnd":	759696,
					"rtt":	6135,
					"rttvar":	607,
					"pmtu":	1500,
					"omitted":	false,
					"sender":	true
				}],
			"sum":	{
				"start":	4.000106,
				"end":	5.000155,
				"seconds":	1.0000489950180054,
				"bytes":	106168320,
				"bits_per_second":	849304948.2887665,
				"retransmits":	290,
				"omitted":	false,
				"sender":	true
			}
		}, {
			"streams":	[{
					"socket":	5,
					"start":	5.000155,
					"end":	6.000159,
					"seconds":	1.0000040531158447,
					"bytes":	106168320,
					"bits_per_second":	849343117.513953,
					"retransmits":	118,
					"snd_cwnd":	849660,
					"rtt":	7771,
					"rttvar":	104,
					"pmtu":	1500,
					"omitted":	false,
					"sender":	true
				}],
			"sum":	{
				"start":	5.000155,
				"end":	6.000159,
				"seconds":	1.0000040531158447,
				"bytes":	106168320,
				"bits_per_second":	849343117.513953,
				"retransmits":	118,
				"omitted":	false,
				"sender":	true
			}
		}, {
			"streams":	[{
					"socket":	5,
					"start":	6.000159,
					"end":	7.000138,
					"seconds":	0.999979019165039,
					"bytes":	107479040,
					"bits_per_second":	859850360.37850225,
					"retransmits":	45,
					"snd_cwnd":	929628,
					"rtt":	8584,
					"rttvar":	81,
					"pmtu":	1500,
					"omitted":	false,
					"sender":	true
				}],
			"sum":	{
				"start":	6.000159,
				"end":	7.000138,
				"seconds":	0.999979019165039,
				"bytes":	107479040,
				"bits_per_second":	859850360.37850225,
				"retransmits":	45,
				"omitted":	false,
				"sender":	true
			}
		}, {
			"streams":	[{
					"socket":	5,
					"start":	7.000138,
					"end":	8.000115,
					"seconds":	0.9999769926071167,
					"bytes":	108789760,
					"bits_per_second":	870338104.210705,
					"retransmits":	51,
					"snd_cwnd":	1002456,
					"rtt":	8986,
					"rttvar":	103,
					"pmtu":	1500,
					"omitted":	false,
					"sender":	true
				}],
			"sum":	{
				"start":	7.000138,
				"end":	8.000115,
				"seconds":	0.9999769926071167,
				"bytes":	108789760,
				"bits_per_second":	870338104.210705,
				"retransmits":	51,
				"omitted":	false,
				"sender":	true
			}
		}, {
			"streams":	[{
					"socket":	5,
					"start":	8.000115,
					"end":	9.00015,
					"seconds":	1.0000350475311279,
					"bytes":	107479040,
					"bits_per_second":	859802186.0561204,
					"retransmits":	0,
					"snd_cwnd":	1073856,
					"rtt":	10309,
					"rttvar":	153,
					"pmtu":	1500,
					"omitted":	false,
					"sender":	true
				}],
			"sum":	{
				"start":	8.000115,
				"end":	9.00015,
				"seconds":	1.0000350475311279,
				"bytes":	107479040,
				"bits_per_second":	859802186.0561204,
				"retransmits":	0,
				"omitted":	false,
				"sender":	true
			}
		}, {
			"streams":	[{
					"socket":	5,
					"start":	9.00015,
					"end":	10.000163,
					"seconds":	1.000012993812561,
					"bytes":	107479040,
					"bits_per_second":	859821147.64517152,
					"retransmits":	45,
					"snd_cwnd":	1129548,
					"rtt":	8910,
					"rttvar":	159,
					"pmtu":	1500,
					"omitted":	false,
					"sender":	true
				}],
			"sum":	{
				"start":	9.00015,
				"end":	10.000163,
				"seconds":	1.000012993812561,
				"bytes":	107479040,
				"bits_per_second":	859821147.64517152,
				"retransmits":	45,
				"omitted":	false,
				"sender":	true
			}
		}, {
			"streams":	[{
					"socket":	5,
					"start":	10.000163,
					"end":	11.000108,
					"seconds":	0.99994498491287231,
					"bytes":	107479040,
					"bits_per_second":	859879626.352563,
					"retransmits":	0,
					"snd_cwnd":	1188096,
					"rtt":	10404,
					"rttvar":	212,
					"pmtu":	1500,
					"omitted":	false,
					"sender":	true
				}],
			"sum":	{
				"start":	10.000163,
				"end":	11.000108,
				"seconds":	0.99994498491287231,
				"bytes":	107479040,
				"bits_per_second":	859879626.352563,
				"retransmits":	0,
				"omitted":	false,
				"sender":	true
			}
		}, {
			"streams":	[{
					"socket":	5,
					"start":	11.000108,
					"end":	12.000161,
					"seconds":	1.00005304813385,
					"bytes":	106168320,
					"bits_per_second":	849301506.14002323,
					"retransmits":	0,
					"snd_cwnd":	1245216,
					"rtt":	6707,
					"rttvar":	282,
					"pmtu":	1500,
					"omitted":	false,
					"sender":	true
				}],
			"sum":	{
				"start":	11.000108,
				"end":	12.000161,
				"seconds":	1.00005304813385,
				"bytes":	106168320,
				"bits_per_second":	849301506.14002323,
				"retransmits":	0,
				"omitted":	false,
				"sender":	true
			}
		}, {
			"streams":	[{
					"socket":	5,
					"start":	12.000161,
					"end":	13.000143,
					"seconds":	0.99998199939727783,
					"bytes":	106168320,
					"bits_per_second":	849361849.02521169,
					"retransmits":	45,
					"snd_cwnd":	1290912,
					"rtt":	10615,