{
	"start":	{
		"connected":	[{
				"socket":	5,
				"local_host":	"192.0.0.2",
				"local_port":	48068,
				"remote_host":	"192.0.0.171",
				"remote_port":	5201
			}],
		"version":	"iperf 3.9",
		"system_info":	"Linux ace-3 5.15.0-151-generic #161-Ubuntu SMP Tue Jul 22 14:25:40 UTC 2025 x86_64",
		"timestamp":	{
			"time":	"Wed, 27 Aug 2025 16:18:45 GMT",
			"timesecs":	1756311525
		},
		"connecting_to":	{
			"host":	"192.0.0.171",
			"port":	5201
		},
		"cookie":	"whucekqkvffrg57slndo5tgacmc7eryhejmo",
		"tcp_mss_default":	1428,
		"sock_bufsize":	0,
		"sndbuf_actual":	16384,
		"rcvbuf_actual":	131072,
		"test_start":	{
			"protocol":	"TCP",
			"num_streams":	1,
			"blksize":	131072,
			"omit":	0,
			"duration":	30,
			"bytes":	0,
			"blocks":	0,
			"reverse":	0,
			"tos":	0
		}
	},
	"intervals":	[{
			"streams":	[{
					"socket":	5,
					"start":	0,
					"end":	1.000139,
					"seconds":	1.0001389980316162,
					"bytes":	70259848,
					"bits_per_second":	562000667.013518,
					"retransmits":	14,
					"snd_cwnd":	348432,
					"rtt":	4398,
					"rttvar":	54,
					"pmtu":	1500,
					"omitted":	false,
					"sender":	true
				}],
			"sum":	{
				"start":	0,
				"end":	1.000139,
				"seconds":	1.0001389980316162,
				"bytes":	70259848,
				"bits_per_second":	562000667.013518,
				"retransmits":	14,
				"omitted":	false,
				"sender":	true
			}
		}, {
			"streams":	[{
					"socket":	5,
					"start":	1.000139,
					"end":	2.000112,
					"seconds":	0.99997299909591675,
					"bytes":	67665780,
					"bits_per_second":	541340856.692548,
					"retransmits":	1,
					"snd_cwnd":	469812,
					"rtt":	7015,
					"rttvar":	145,
					"pmtu":	1500,
					"omitted":	false,
					"sender":	true
				}],
			"sum":	{
				"start":	1.000139,
				"end":	2.000112,
				"seconds":	0.99997299909591675,
				"bytes":	67665780,
				"bits_per_second":	541340856.692548,
				"retransmits":	1,
				"omitted":	false,
				"sender":	true
			}
		}, {
			"streams":	[{
					"socket":	5,
					"start":	2.000112,
					"end":	3.000125,
					"seconds":	1.000012993812561,
					"bytes":	67948340,
					"bits_per_second":	543579656.82782722,
					"retransmits":	1,
					"snd_cwnd":	565488,
					"rtt":	6917,
					"rttvar":	88,
					"pmtu":	1500,
					"omitted":	false,
					"sender":	true
				}],
			"sum":	{
				"start":	2.000112,
				"end":	3.000125,
				"seconds":	1.000012993812561,
				"bytes":	67948340,
				"bits_per_second":	543579656.82782722,
				"retransmits":	1,
				"omitted":	false,
				"sender":	true
			}
		}, {
			"streams":	[{
					"socket":	5,
					"start":	3.000125,
					"end":	4.000132,
					"seconds":	1.0000070333480835,
					"bytes":	66274820,
					"bits_per_second":	530194830.9552018,
					"retransmits":	2,
					"snd_cwnd":	646884,
					"rtt":	9432,
					"rttvar":	70,
					"pmtu":	1500,
					"omitted":	false,
					"sender":	true
				}],
			"sum":	{
				"start":	3.000125,
				"end":	4.000132,
				"seconds":	1.0000070333480835,
				"bytes":	66274820,
				"bits_per_second":	530194830.9552018,
				"retransmits":	2,
				"omitted":	false,
				"sender":	true
			}
		}, {
			"streams":	[{
					"socket":	5,
					"start":	4.000132,
					"end":	5.000417,
					"seconds":	1.0002850294113159,
					"bytes":	66846720,
					"bits_per_second":	534621377.18358445,
					"retransmits":	0,
					"snd_cwnd":	719712,
					"rtt":	8343,
					"rttvar":	249,
					"pmtu":	1500,
					"omitted":	false,
					"sender":	true
				}],
			"sum":	{
				"start":	4.000132,
				"end":	5.000417,
				"seconds":	1.0002850294113159,
				"bytes":	66846720,
				"bits_per_second":	534621377.18358445,
				"retransmits":	0,
				"omitted":	false,
				"sender":	true
			}
		}, {
			"streams":	[{
					"socket":	5,
					"start":	5.000417,
					"end":	6.000114,
					"seconds":	0.99969702959060669,
					"bytes":	66846720,
					"bits_per_second":	534935829.72733164,
					"retransmits":	0,
					"snd_cwnd":	788256,
					"rtt":	11922,
					"rttvar":	257,
					"pmtu":	1500,
					"omitted":	false,
					"sender":	true
				}],
			"sum":	{
				"start":	5.000417,
				"end":	6.000114,
				"seconds":	0.99969702959060669,
				"bytes":	66846720,
				"bits_per_second":	534935829.72733164,
				"retransmits":	0,
				"omitted":	false,
				"sender":	true
			}
		}, {
			"streams":	[{
					"socket":	5,
					"start":	6.000114,
					"end":	7.000107,
					"seconds":	0.99999302625656128,
					"bytes":	66846720,
					"bits_per_second":	534777489.40100789,
					"retransmits":	2,
					"snd_cwnd":	632604,
					"rtt":	9170,
					"rttvar":	50,
					"pmtu":	1500,
					"omitted":	false,
					"sender":	true
				}],
			"sum":	{
				"start":	6.000114,
				"end":	7.000107,
				"seconds":	0.99999302625656128,
				"bytes":	66846720,
				"bits_per_second":	534777489.40100789,
				"retransmits":	2,
				"omitted":	false,
				"sender":	true
			}
		}, {
			"streams":	[{
					"socket":	5,
					"start":	7.000107,
					"end":	8.000721,
					"seconds":	1.0006140470504761,
					"bytes":	66846720,
					"bits_per_second":	534445585.26472825,
					"retransmits":	0,
					"snd_cwnd":	706860,
					"rtt":	10800,
					"rttvar":	297,
					"pmtu":	1500,
					"omitted":	false,
					"sender":	true
				}],
			"sum":	{
				"start":	7.000107,
				"end":	8.000721,
				"seconds":	1.0006140470504761,
				"bytes":	66846720,
				"bits_per_second":	534445585.26472825,
				"retransmits":	0,
				"omitted":	false,
				"sender":	true
			}
		}, {
			"streams":	[{
					"socket":	5,
					"start":	8.000721,
					"end":	9.000098,
					"seconds":	0.99937701225280762,
					"bytes":	68157440,
					"bits_per_second":	545599421.75462842,
					"retransmits":	5,
					"snd_cwnd":	555492,
					"rtt":	8791,
					"rttvar":	246,
					"pmtu":	1500,
					"omitted":	false,
					"sender":	true
				}],
			"sum":	{
				"start":	8.000721,
				"end":	9.000098,
				"seconds":	0.99937701225280762,
				"bytes":	68157440,
				"bits_per_second":	545599421.75462842,
				"retransmits":	5,
				"omitted":	false,
				"sender":	true
			}
		}, {
			"streams":	[{
					"socket":	5,
					"start":	9.000098,
					"end":	10.000098,
					"seconds":	1,
					"bytes":	66846720,
					"bits_per_second":	534773760,
					"retransmits":	0,
					"snd_cwnd":	644028,
					"rtt":	9388,
					"rttvar":	108,
					"pmtu":	1500,
					"omitted":	false,
					"sender":	true
				}],
			"sum":	{
				"start":	9.000098,
				"end":	10.000098,
				"seconds":	1,
				"bytes":	66846720,
				"bits_per_second":	534773760,
				"retransmits":	0,
				"omitted":	false,
				"sender":	true
			}
		}, {
			"streams":	[{
					"socket":	5,
					"start":	10.000098,
					"end":	11.000145,
					"seconds":	1.000046968460083,
					"bytes":	65536000,
					"bits_per_second":	524263376.156544,
					"retransmits":	0,
					"snd_cwnd":	716856,
					"rtt":	10504,
					"rttvar":	152,
					"pmtu":	1500,
					"omitted":	false,
					"sender":	true
				}],
			"sum":	{
				"start":	10.000098,
				"end":	11.000145,
				"seconds":	1.000046968460083,
				"bytes":	65536000,
				"bits_per_second":	524263376.156544,
				"retransmits":	0,
				"omitted":	false,
				"sender":	true
			}
		}, {
			"streams":	[{
					"socket":	5,
					"start":	11.000145,
					"end":	12.000125,
					"seconds":	0.99997997283935547,
					"bytes":	66846720,
					"bits_per_second":	534784470.21449518,
					"retransmits":	0,
					"snd_cwnd":	783972,
					"rtt":	11396,
					"rttvar":	104,
					"pmtu":	1500,
					"omitted":	false,
					"sender":	true
				}],
			"sum":	{
				"start":	11.000145,
				"end":	12.000125,
				"seconds":	0.99997997283935547,
				"bytes":	66846720,
				"bits_per_second":	534784470.21449518,
				"retransmits":	0,
				"omitted":	false,
				"sender":	true
			}
		}, {
			"streams":	[{
					"socket":	5,
					"start":	12.000125,
					"end":	13.000526,
					"seconds":	1.0004010200500488,
					"bytes":	68157440,
					"bits_per_second":	545040947.651894,
					"retransmits":	10,
					"snd_cwnd":	608328,
					"rtt":	8970,
					"rttvar":	234,
					"pmtu":	1500,
					"omitted":	false,
					"sender":	true
				}],