{
	"start":	{
		"connected":	[{
				"socket":	5,
				"local_host":	"2a05:d014:144f:5f00:20d2::100",
				"local_port":	47874,
				"remote_host":	"2a05:d014:144f:5f00:20d2::400",
				"remote_port":	5201
			}],
		"version":	"iperf 3.16",
		"system_info":	"Linux i-0316e72a8af6a7464 6.8.0-1031-aws #33-Ubuntu SMP Fri Jun 20 18:11:07 UTC 2025 x86_64",
		"timestamp":	{
			"time":	"Wed, 16 Jul 2025 08:30:35 GMT",
			"timesecs":	1752654635
		},
		"connecting_to":	{
			"host":	"2a05:d014:144f:5f00:20d2::400",
			"port":	5201
		},
		"cookie":	"gtyyx57c4lnohnxx62r5veimjxl7kulhgnk2",
		"tcp_mss_default":	1428,
		"target_bitrate":	0,
		"fq_rate":	0,
		"sock_bufsize":	0,
		"sndbuf_actual":	16384,
		"rcvbuf_actual":	131072,
		"test_start":	{
			"protocol":	"TCP",
			"num_streams":	1,
			"blksize":	131072,
			"omit":	0,
			"duration":	30,
			"bytes":	0,
			"blocks":	0,
			"reverse":	0,
			"tos":	0,
			"target_bitrate":	0,
			"bidir":	0,
			"fqrate":	0
		}
	},
	"intervals":	[{
			"streams":	[{
					"socket":	5,
					"start":	0,
					"end":	1.0011,
					"seconds":	1.0010999441146851,
					"bytes":	3083075584,
					"bits_per_second":	24637504793.601753,
					"retransmits":	0,
					"snd_cwnd":	662592,
					"snd_wnd":	5575552,
					"rtt":	38,
					"rttvar":	25,
					"pmtu":	1500,
					"omitted":	false,
					"sender":	true
				}],
			"sum":	{
				"start":	0,
				"end":	1.0011,
				"seconds":	1.0010999441146851,
				"bytes":	3083075584,
				"bits_per_second":	24637504793.601753,
				"retransmits":	0,
				"omitted":	false,
				"sender":	true
			}
		}, {
			"streams":	[{
					"socket":	5,
					"start":	1.0011,
					"end":	2.000562,
					"seconds":	0.99946200847625732,
					"bytes":	3013607424,
					"bits_per_second":	24121836735.700912,
					"retransmits":	0,
					"snd_cwnd":	662592,
					"snd_wnd":	5577344,
					"rtt":	31,
					"rttvar":	12,
					"pmtu":	1500,
					"omitted":	false,
					"sender":	true
				}],
			"sum":	{
				"start":	1.0011,
				"end":	2.000562,
				"seconds":	0.99946200847625732,
				"bytes":	3013607424,
				"bits_per_second":	24121836735.700912,
				"retransmits":	0,
				"omitted":	false,
				"sender":	true
			}
		}, {
			"streams":	[{
					"socket":	5,
					"start":	2.000562,
					"end":	4.000703,
					"seconds":	2.000140905380249,
					"bytes":	131072,
					"bits_per_second":	524251.06510216289,
					"retransmits":	0,
					"snd_cwnd":	699720,
					"snd_wnd":	5577600,
					"rtt":	32,
					"rttvar":	15,
					"pmtu":	1500,
					"omitted":	false,
					"sender":	true
				}],
			"sum":	{
				"start":	2.000562,
				"end":	4.000703,
				"seconds":	2.000140905380249,
				"bytes":	131072,
				"bits_per_second":	524251.06510216289,
				"retransmits":	0,
				"omitted":	false,
				"sender":	true
			}
		}, {
			"streams":	[{
					"socket":	5,
					"start":	4.000703,
					"end":	8.41051,
					"seconds":	4.4098072052001953,
					"bytes":	0,
					"bits_per_second":	0,
					"retransmits":	0,
					"snd_cwnd":	771120,
					"snd_wnd":	5575552,
					"rtt":	36,
					"rttvar":	22,
					"pmtu":	1500,
					"omitted":	false,
					"sender":	true
				}],
			"sum":	{
				"start":	4.000703,
				"end":	8.41051,
				"seconds":	4.4098072052001953,
				"bytes":	0,
				"bits_per_second":	0,
				"retransmits":	0,
				"omitted":	false,
				"sender":	true
			}
		}, {
			"streams":	[{
					"socket":	5,
					"start":	8.41051,
					"end":	9.693008,
					"seconds":	1.2824980020523071,
					"bytes":	0,
					"bits_per_second":	0,
					"retransmits":	0,
					"snd_cwnd":	809676,
					"snd_wnd":	5577600,
					"rtt":	31,
					"rttvar":	7,
					"pmtu":	1500,
					"omitted":	false,
					"sender":	true
				}],
			"sum":	{
				"start":	8.41051,
				"end":	9.693008,
				"seconds":	1.2824980020523071,
				"bytes":	0,
				"bits_per_second":	0,
				"retransmits":	0,
				"omitted":	false,
				"sender":	true
			}
		}, {
			"streams":	[{
					"socket":	5,
					"start":	9.693008,
					"end":	10.218488,
					"seconds":	0.52547997236251831,
					"bytes":	0,
					"bits_per_second":	0,
					"retransmits":	0,
					"snd_cwnd":	809676,
					"snd_wnd":	5577600,
					"rtt":	31,
					"rttvar":	7,
					"pmtu":	1500,
					"omitted":	false,
					"sender":	true
				}],
			"sum":	{
				"start":	9.693008,
				"end":	10.218488,
				"seconds":	0.52547997236251831,
				"bytes":	0,
				"bits_per_second":	0,
				"retransmits":	0,
				"omitted":	false,
				"sender":	true
			}
		}, {
			"streams":	[{
					"socket":	5,
					"start":	10.218507,
					"end":	11.435519,
					"seconds":	1.2170120477676392,
					"bytes":	0,
					"bits_per_second":	0,
					"retransmits":	0,
					"snd_cwnd":	1309476,
					"snd_wnd":	4527488,
					"rtt":	152,
					"rttvar":	247,
					"pmtu":	1500,
					"omitted":	false,
					"sender":	true
				}],
			"sum":	{
				"start":	10.218507,
				"end":	11.435519,
				"seconds":	1.2170120477676392,
				"bytes":	0,
				"bits_per_second":	0,
				"retransmits":	0,
				"omitted":	false,
				"sender":	true
			}
		}, {
			"streams":	[{
					"socket":	5,
					"start":	11.435519,
					"end":	12.001446,
					"seconds":	0.565927028656006,
					"bytes":	1715077120,
					"bits_per_second":	24244498433.984436,
					"retransmits":	0,
					"snd_cwnd":	1515108,
					"snd_wnd":	5577600,
					"rtt":	29,
					"rttvar":	10,
					"pmtu":	1500,
					"omitted":	false,
					"sender":	true
				}],
			"sum":	{
				"start":	11.435519,
				"end":	12.001446,
				"seconds":	0.565927028656006,
				"bytes":	1715077120,
				"bits_per_second":	24244498433.984436,
				"retransmits":	0,
				"omitted":	false,
				"sender":	true
			}
		}, {
			"streams":	[{
					"socket":	5,
					"start":	12.001446,
					"end":	13.000503,
					"seconds":	0.99905699491500854,
					"bytes":	2464808960,
					"bits_per_second":	19737083850.433861,
					"retransmits":	0,
					"snd_cwnd":	1515108,
					"snd_wnd":	5577600,
					"rtt":	34,
					"rttvar":	10,
					"pmtu":	1500,
					"omitted":	false,
					"sender":	true
				}],
			"sum":	{
				"start":	12.001446,
				"end":	13.000503,
				"seconds":	0.99905699491500854,
				"bytes":	2464808960,
				"bits_per_second":	19737083850.433861,
				"retransmits":	0,
				"omitted":	false,
				"sender":	true
			}
		}, {
			"streams":	[{
					"socket":	5,
					"start":	13.000503,
					"end":	14.000475,
					"seconds":	0.99997198581695557,
					"bytes":	1842610176,
					"bits_per_second":	14741294373.318886,
					"retransmits":	0,
					"snd_cwnd":	1515108,
					"snd_wnd":	5577600,
					"rtt":	35,
					"rttvar":	18,
					"pmtu":	1500,
					"omitted":	false,
					"sender":	true
				}],
			"sum":	{
				"start":	13.000503,
				"end":	14.000475,
				"seconds":	0.99997198581695557,
				"bytes":	1842610176,
				"bits_per_second":	14741294373.318886,
				"retransmits":	0,
				"omitted":	false,
				"sender":	true
			}
		}, {
			"streams":	[{
					"socket":	5,
					"start":	14.000475,
					"end":	15.064546,
					"seconds":	1.06407105922699,
					"bytes":	0,
					"bits_per_second":	0,
					"retransmits":	0,
					"snd_cwnd":	1515108,
					"snd_wnd":	5577600,
					"rtt":	28,
					"rttvar":	12,
					"pmtu":	1500,
					"omitted":	false,
					"sender":	true
				}],
			"sum":	{
				"start":	14.000475,
				"end":	15.064546,
				"seconds":	1.06407105922699,
				"bytes":	0,
				"bits_per_second":	0,
				"retransmits":	0,
				"omitted":	false,
				"sender":	true
			}
		}, {
			"streams":	[{
					"socket":	5,
					"start":	15.064546,
					"end":	16.000461,
					"seconds":	0.93591499328613281,
					"bytes":	2282094592,
					"bits_per_second":	19506853578.547649,
					"retransmits":	0,
					"snd_cwnd":	1515108,
					"snd_wnd":	5577600,
					"rtt":	28,
					"rttvar":	12,
					"pmtu":	1500,
					"omitted":	false,
					"sender":	true
				}],
			"sum":	{
				"start":	15.064546,
				"end":	16.000461,
				"seconds":	0.93591499328613281,
				"bytes":	2282094592,
				"bits_per_second":	19506853578.547649,
				"retransmits":	0,
				"omitted":	false,
				"sender":	true
			}
		}, {
			"streams":	[{
					"socket":	5,
					"start":	16.000461,
					"end":	17.000485,