{
	"start":	{
		"connected":	[{
				"socket":	5,
				"local_host":	"fd00:64:64:5f00:20d2::301",
				"local_port":	35550,
				"remote_host":	"fd00:64:64:5f00:20d2::400",
				"remote_port":	5201
			}],
		"version":	"iperf 3.9",
		"system_info":	"Linux ace-3 5.15.0-151-generic #161-Ubuntu SMP Tue Jul 22 14:25:40 UTC 2025 x86_64",
		"timestamp":	{
			"time":	"Thu, 14 Aug 2025 14:41:54 GMT",
			"timesecs":	1755182514
		},
		"connecting_to":	{
			"host":	"fd00:64:64:5f00:20d2::400",
			"port":	5201
		},
		"cookie":	"rugij4svxesvrzdb6vy5ov6qprklryzc4zsv",
		"tcp_mss_default":	1428,
		"sock_bufsize":	0,
		"sndbuf_actual":	16384,
		"rcvbuf_actual":	131072,
		"test_start":	{
			"protocol":	"TCP",
			"num_streams":	1,
			"blksize":	131072,
			"omit":	0,
			"duration":	30,
			"bytes":	0,
			"blocks":	0,
			"reverse":	0,
			"tos":	0
		}
	},
	"intervals":	[{
			"streams":	[{
					"socket":	5,
					"start":	0,
					"end":	1.001029,
					"seconds":	1.0010290145874023,
					"bytes":	881600716,
					"bits_per_second":	7045555748.3585825,
					"retransmits":	0,
					"snd_cwnd":	1109556,
					"rtt":	146,
					"rttvar":	14,
					"pmtu":	1500,
					"omitted":	false,
					"sender":	true
				}],
			"sum":	{
				"start":	0,
				"end":	1.001029,
				"seconds":	1.0010290145874023,
				"bytes":	881600716,
				"bits_per_second":	7045555748.3585825,
				"retransmits":	0,
				"omitted":	false,
				"sender":	true
			}
		}, {
			"streams":	[{
					"socket":	5,
					"start":	1.001029,
					"end":	2.00121,
					"seconds":	1.0001809597015381,
					"bytes":	878182400,
					"bits_per_second":	7024188105.01697,
					"retransmits":	0,
					"snd_cwnd":	1109556,
					"rtt":	136,
					"rttvar":	19,
					"pmtu":	1500,
					"omitted":	false,
					"sender":	true
				}],
			"sum":	{
				"start":	1.001029,
				"end":	2.00121,
				"seconds":	1.0001809597015381,
				"bytes":	878182400,
				"bits_per_second":	7024188105.01697,
				"retransmits":	0,
				"omitted":	false,
				"sender":	true
			}
		}, {
			"streams":	[{
					"socket":	5,
					"start":	2.00121,
					"end":	3.000996,
					"seconds":	0.99978601932525635,
					"bytes":	878182400,
					"bits_per_second":	7026962834.2486715,
					"retransmits":	0,
					"snd_cwnd":	1109556,
					"rtt":	144,
					"rttvar":	17,
					"pmtu":	1500,
					"omitted":	false,
					"sender":	true
				}],
			"sum":	{
				"start":	2.00121,
				"end":	3.000996,
				"seconds":	0.99978601932525635,
				"bytes":	878182400,
				"bits_per_second":	7026962834.2486715,
				"retransmits":	0,
				"omitted":	false,
				"sender":	true
			}
		}, {
			"streams":	[{
					"socket":	5,
					"start":	3.000996,
					"end":	4.000776,
					"seconds":	0.999779999256134,
					"bytes":	878182400,
					"bits_per_second":	7027005146.35935,
					"retransmits":	0,
					"snd_cwnd":	1109556,
					"rtt":	137,
					"rttvar":	19,
					"pmtu":	1500,
					"omitted":	false,
					"sender":	true
				}],
			"sum":	{
				"start":	3.000996,
				"end":	4.000776,
				"seconds":	0.999779999256134,
				"bytes":	878182400,
				"bits_per_second":	7027005146.35935,
				"retransmits":	0,
				"omitted":	false,
				"sender":	true
			}
		}, {
			"streams":	[{
					"socket":	5,
					"start":	4.000776,
					"end":	5.000763,
					"seconds":	0.999987006187439,
					"bytes":	872939520,
					"bits_per_second":	6983606903.6791067,
					"retransmits":	0,
					"snd_cwnd":	1109556,
					"rtt":	136,
					"rttvar":	21,
					"pmtu":	1500,
					"omitted":	false,
					"sender":	true
				}],
			"sum":	{
				"start":	4.000776,
				"end":	5.000763,
				"seconds":	0.999987006187439,
				"bytes":	872939520,
				"bits_per_second":	6983606903.6791067,
				"retransmits":	0,
				"omitted":	false,
				"sender":	true
			}
		}, {
			"streams":	[{
					"socket":	5,
					"start":	5.000763,
					"end":	6.001372,
					"seconds":	1.0006090402603149,
					"bytes":	887357440,
					"bits_per_second":	7094538660.3275,
					"retransmits":	0,
					"snd_cwnd":	1109556,
					"rtt":	142,
					"rttvar":	23,
					"pmtu":	1500,
					"omitted":	false,
					"sender":	true
				}],
			"sum":	{
				"start":	5.000763,
				"end":	6.001372,
				"seconds":	1.0006090402603149,
				"bytes":	887357440,
				"bits_per_second":	7094538660.3275,
				"retransmits":	0,
				"omitted":	false,
				"sender":	true
			}
		}, {
			"streams":	[{
					"socket":	5,
					"start":	6.001372,
					"end":	7.000111,
					"seconds":	0.998739004135132,
					"bytes":	887357440,
					"bits_per_second":	7107822454.7236233,
					"retransmits":	0,
					"snd_cwnd":	1109556,
					"rtt":	145,
					"rttvar":	22,
					"pmtu":	1500,
					"omitted":	false,
					"sender":	true
				}],
			"sum":	{
				"start":	6.001372,
				"end":	7.000111,
				"seconds":	0.998739004135132,
				"bytes":	887357440,
				"bits_per_second":	7107822454.7236233,
				"retransmits":	0,
				"omitted":	false,
				"sender":	true
			}
		}, {
			"streams":	[{
					"socket":	5,
					"start":	7.000111,
					"end":	8.000884,
					"seconds":	1.0007729530334473,
					"bytes":	889978880,
					"bits_per_second":	7114331995.5031252,
					"retransmits":	0,
					"snd_cwnd":	1109556,
					"rtt":	134,
					"rttvar":	20,
					"pmtu":	1500,
					"omitted":	false,
					"sender":	true
				}],
			"sum":	{
				"start":	7.000111,
				"end":	8.000884,
				"seconds":	1.0007729530334473,
				"bytes":	889978880,
				"bits_per_second":	7114331995.5031252,
				"retransmits":	0,
				"omitted":	false,
				"sender":	true
			}
		}, {
			"streams":	[{
					"socket":	5,
					"start":	8.000884,
					"end":	9.001257,
					"seconds":	1.0003730058670044,
					"bytes":	888668160,
					"bits_per_second":	7106694441.2783957,
					"retransmits":	0,
					"snd_cwnd":	1109556,
					"rtt":	132,
					"rttvar":	20,
					"pmtu":	1500,
					"omitted":	false,
					"sender":	true
				}],
			"sum":	{
				"start":	8.000884,
				"end":	9.001257,
				"seconds":	1.0003730058670044,
				"bytes":	888668160,
				"bits_per_second":	7106694441.2783957,
				"retransmits":	0,
				"omitted":	false,
				"sender":	true
			}
		}, {
			"streams":	[{
					"socket":	5,
					"start":	9.001257,
					"end":	10.000209,
					"seconds":	0.99895197153091431,
					"bytes":	887357440,
					"bits_per_second":	7106307132.1845961,
					"retransmits":	0,
					"snd_cwnd":	1109556,
					"rtt":	137,
					"rttvar":	15,
					"pmtu":	1500,
					"omitted":	false,
					"sender":	true
				}],
			"sum":	{
				"start":	9.001257,
				"end":	10.000209,
				"seconds":	0.99895197153091431,
				"bytes":	887357440,
				"bits_per_second":	7106307132.1845961,
				"retransmits":	0,
				"omitted":	false,
				"sender":	true
			}
		}, {
			"streams":	[{
					"socket":	5,
					"start":	10.000209,
					"end":	11.000221,
					"seconds":	1.0000120401382446,
					"bytes":	888668160,
					"bits_per_second":	7109259683.5305929,
					"retransmits":	0,
					"snd_cwnd":	1109556,
					"rtt":	136,
					"rttvar":	20,
					"pmtu":	1500,
					"omitted":	false,
					"sender":	true
				}],
			"sum":	{
				"start":	10.000209,
				"end":	11.000221,
				"seconds":	1.0000120401382446,
				"bytes":	888668160,
				"bits_per_second":	7109259683.5305929,
				"retransmits":	0,
				"omitted":	false,
				"sender":	true
			}
		}, {
			"streams":	[{
					"socket":	5,
					"start":	11.000221,
					"end":	12.000613,
					"seconds":	1.000391960144043,
					"bytes":	888668160,
					"bits_per_second":	7106559791.8003559,
					"retransmits":	0,
					"snd_cwnd":	1109556,
					"rtt":	151,
					"rttvar":	15,
					"pmtu":	1500,
					"omitted":	false,
					"sender":	true
				}],
			"sum":	{
				"start":	11.000221,
				"end":	12.000613,
				"seconds":	1.000391960144043,
				"bytes":	888668160,
				"bits_per_second":	7106559791.8003559,
				"retransmits":	0,
				"omitted":	false,
				"sender":	true
			}
		}, {
			"streams":	[{
					"socket":	5,
					"start":	12.000613,
					"end":	13.00008,
					"seconds":	0.99946701526641846,
					"bytes":	888668160,
					"bits_per_second":	7113136473.14807,
					"retransmits":	0,
					"snd_cwnd":	1109556,
					"rtt":	152,
					"rttvar":	30,