{
	"start":	{
		"connected":	[{
				"socket":	5,
				"local_host":	"192.0.0.2",
				"local_port":	39686,
				"remote_host":	"192.0.0.171",
				"remote_port":	5201
			}],
		"version":	"iperf 3.9",
		"system_info":	"Linux ace-3 5.15.0-151-generic #161-Ubuntu SMP Tue Jul 22 14:25:40 UTC 2025 x86_64",
		"timestamp":	{
			"time":	"Thu, 14 Aug 2025 14:39:23 GMT",
			"timesecs":	1755182363
		},
		"connecting_to":	{
			"host":	"192.0.0.171",
			"port":	5201
		},
		"cookie":	"n5krsrta7eq72ezeitdlstxssybhlr3bys5l",
		"tcp_mss_default":	1428,
		"sock_bufsize":	0,
		"sndbuf_actual":	16384,
		"rcvbuf_actual":	131072,
		"test_start":	{
			"protocol":	"TCP",
			"num_streams":	1,
			"blksize":	131072,
			"omit":	0,
			"duration":	30,
			"bytes":	0,
			"blocks":	0,
			"reverse":	0,
			"tos":	0
		}
	},
	"intervals":	[{
			"streams":	[{
					"socket":	5,
					"start":	0,
					"end":	1.001088,
					"seconds":	1.00108802318573,
					"bytes":	837550080,
					"bits_per_second":	6693118372.0264,
					"retransmits":	0,
					"snd_cwnd":	262752,
					"rtt":	155,
					"rttvar":	19,
					"pmtu":	1500,
					"omitted":	false,
					"sender":	true
				}],
			"sum":	{
				"start":	0,
				"end":	1.001088,
				"seconds":	1.00108802318573,
				"bytes":	837550080,
				"bits_per_second":	6693118372.0264,
				"retransmits":	0,
				"omitted":	false,
				"sender":	true
			}
		}, {
			"streams":	[{
					"socket":	5,
					"start":	1.001088,
					"end":	2.000226,
					"seconds":	0.9991379976272583,
					"bytes":	838860800,
					"bits_per_second":	6716676190.8134184,
					"retransmits":	0,
					"snd_cwnd":	262752,
					"rtt":	158,
					"rttvar":	22,
					"pmtu":	1500,
					"omitted":	false,
					"sender":	true
				}],
			"sum":	{
				"start":	1.001088,
				"end":	2.000226,
				"seconds":	0.9991379976272583,
				"bytes":	838860800,
				"bits_per_second":	6716676190.8134184,
				"retransmits":	0,
				"omitted":	false,
				"sender":	true
			}
		}, {
			"streams":	[{
					"socket":	5,
					"start":	2.000226,
					"end":	3.000208,
					"seconds":	0.99998199939727783,
					"bytes":	836239360,
					"bits_per_second":	6690035304.667717,
					"retransmits":	0,
					"snd_cwnd":	262752,
					"rtt":	149,
					"rttvar":	36,
					"pmtu":	1500,
					"omitted":	false,
					"sender":	true
				}],
			"sum":	{
				"start":	2.000226,
				"end":	3.000208,
				"seconds":	0.99998199939727783,
				"bytes":	836239360,
				"bits_per_second":	6690035304.667717,
				"retransmits":	0,
				"omitted":	false,
				"sender":	true
			}
		}, {
			"streams":	[{
					"socket":	5,
					"start":	3.000208,
					"end":	4.000876,
					"seconds":	1.0006680488586426,
					"bytes":	836239360,
					"bits_per_second":	6685448673.6440582,
					"retransmits":	0,
					"snd_cwnd":	262752,
					"rtt":	149,
					"rttvar":	26,
					"pmtu":	1500,
					"omitted":	false,
					"sender":	true
				}],
			"sum":	{
				"start":	3.000208,
				"end":	4.000876,
				"seconds":	1.0006680488586426,
				"bytes":	836239360,
				"bits_per_second":	6685448673.6440582,
				"retransmits":	0,
				"omitted":	false,
				"sender":	true
			}
		}, {
			"streams":	[{
					"socket":	5,
					"start":	4.000876,
					"end":	5.001299,
					"seconds":	1.0004229545593262,
					"bytes":	834928640,
					"bits_per_second":	6676605219.38164,
					"retransmits":	0,
					"snd_cwnd":	262752,
					"rtt":	144,
					"rttvar":	24,
					"pmtu":	1500,
					"omitted":	false,
					"sender":	true
				}],
			"sum":	{
				"start":	4.000876,
				"end":	5.001299,
				"seconds":	1.0004229545593262,
				"bytes":	834928640,
				"bits_per_second":	6676605219.38164,
				"retransmits":	0,
				"omitted":	false,
				"sender":	true
			}
		}, {
			"streams":	[{
					"socket":	5,
					"start":	5.001299,
					"end":	6.000615,
					"seconds":	0.99931597709655762,
					"bytes":	842792960,
					"bits_per_second":	6746958754.316534,
					"retransmits":	0,
					"snd_cwnd":	262752,
					"rtt":	157,
					"rttvar":	20,
					"pmtu":	1500,
					"omitted":	false,
					"sender":	true
				}],
			"sum":	{
				"start":	5.001299,
				"end":	6.000615,
				"seconds":	0.99931597709655762,
				"bytes":	842792960,
				"bits_per_second":	6746958754.316534,
				"retransmits":	0,
				"omitted":	false,
				"sender":	true
			}
		}, {
			"streams":	[{
					"socket":	5,
					"start":	6.000615,
					"end":	7.000655,
					"seconds":	1.0000400543212891,
					"bytes":	842792960,
					"bits_per_second":	6742073630.816637,
					"retransmits":	0,
					"snd_cwnd":	262752,
					"rtt":	143,
					"rttvar":	25,
					"pmtu":	1500,
					"omitted":	false,
					"sender":	true
				}],
			"sum":	{
				"start":	6.000615,
				"end":	7.000655,
				"seconds":	1.0000400543212891,
				"bytes":	842792960,
				"bits_per_second":	6742073630.816637,
				"retransmits":	0,
				"omitted":	false,
				"sender":	true
			}
		}, {
			"streams":	[{
					"socket":	5,
					"start":	7.000655,
					"end":	8.001387,
					"seconds":	1.0007319450378418,
					"bytes":	844103680,
					"bits_per_second":	6747890355.1386557,
					"retransmits":	0,
					"snd_cwnd":	262752,
					"rtt":	153,
					"rttvar":	20,
					"pmtu":	1500,
					"omitted":	false,
					"sender":	true
				}],
			"sum":	{
				"start":	7.000655,
				"end":	8.001387,
				"seconds":	1.0007319450378418,
				"bytes":	844103680,
				"bits_per_second":	6747890355.1386557,
				"retransmits":	0,
				"omitted":	false,
				"sender":	true
			}
		}, {
			"streams":	[{
					"socket":	5,
					"start":	8.001387,
					"end":	9.001471,
					"seconds":	1.0000840425491333,
					"bytes":	844103680,
					"bits_per_second":	6752261962.69224,
					"retransmits":	0,
					"snd_cwnd":	262752,
					"rtt":	153,
					"rttvar":	20,
					"pmtu":	1500,
					"omitted":	false,
					"sender":	true
				}],
			"sum":	{
				"start":	8.001387,
				"end":	9.001471,
				"seconds":	1.0000840425491333,
				"bytes":	844103680,
				"bits_per_second":	6752261962.69224,
				"retransmits":	0,
				"omitted":	false,
				"sender":	true
			}
		}, {
			"streams":	[{
					"socket":	5,
					"start":	9.001471,
					"end":	10.00037,
					"seconds":	0.998898983001709,
					"bytes":	845414400,
					"bits_per_second":	6770769932.7875166,
					"retransmits":	0,
					"snd_cwnd":	262752,
					"rtt":	157,
					"rttvar":	30,
					"pmtu":	1500,
					"omitted":	false,
					"sender":	true
				}],
			"sum":	{
				"start":	9.001471,
				"end":	10.00037,
				"seconds":	0.998898983001709,
				"bytes":	845414400,
				"bits_per_second":	6770769932.7875166,
				"retransmits":	0,
				"omitted":	false,
				"sender":	true
			}
		}, {
			"streams":	[{
					"socket":	5,
					"start":	10.00037,
					"end":	11.000433,
					"seconds":	1.0000629425048828,
					"bytes":	845414400,
					"bits_per_second":	6762889526.7929382,
					"retransmits":	0,
					"snd_cwnd":	262752,
					"rtt":	154,
					"rttvar":	22,
					"pmtu":	1500,
					"omitted":	false,
					"sender":	true
				}],
			"sum":	{
				"start":	10.00037,
				"end":	11.000433,
				"seconds":	1.0000629425048828,
				"bytes":	845414400,
				"bits_per_second":	6762889526.7929382,
				"retransmits":	0,
				"omitted":	false,
				"sender":	true
			}
		}, {
			"streams":	[{
					"socket":	5,
					"start":	11.000433,
					"end":	12.00035,
					"seconds":	0.999916970729828,
					"bytes":	845414400,
					"bits_per_second":	6763876799.7542181,
					"retransmits":	0,
					"snd_cwnd":	262752,
					"rtt":	152,
					"rttvar":	29,
					"pmtu":	1500,
					"omitted":	false,
					"sender":	true
				}],
			"sum":	{
				"start":	11.000433,
				"end":	12.00035,
				"seconds":	0.999916970729828,
				"bytes":	845414400,
				"bits_per_second":	6763876799.7542181,
				"retransmits":	0,
				"omitted":	false,
				"sender":	true
			}
		}, {
			"streams":	[{
					"socket":	5,
					"start":	12.00035,
					"end":	13.000254,
					"seconds":	0.999903976917267,
					"bytes":	845414400,
					"bits_per_second":	6763964696.74168,
					"retransmits":	0,
					"snd_cwnd":	262752,
					"rtt":	144,
					"rttvar":	21,
					"pmtu":	1500,
					"omitted":	false,
					"sender":	true
				}],