{
	"start":	{
		"connected":	[{
				"socket":	5,
				"local_host":	"fd00:64:64:5f00:20d2::100",
				"local_port":	59326,
				"remote_host":	"fd00:64:64:5f00:20d2::400",
				"remote_port":	5201
			}],
		"version":	"iperf 3.9",
		"system_info":	"Linux ace-3 5.15.0-151-generic #161-Ubuntu SMP Tue Jul 22 14:25:40 UTC 2025 x86_64",
		"timestamp":	{
			"time":	"Thu, 14 Aug 2025 14:36:53 GMT",
			"timesecs":	1755182213
		},
		"connecting_to":	{
			"host":	"fd00:64:64:5f00:20d2::400",
			"port":	5201
		},
		"cookie":	"dnm4dub7jr6h3fg4gkoa5thwp6x2gawc4ajz",
		"tcp_mss_default":	1428,
		"sock_bufsize":	0,
		"sndbuf_actual":	16384,
		"rcvbuf_actual":	131072,
		"test_start":	{
			"protocol":	"TCP",
			"num_streams":	1,
			"blksize":	131072,
			"omit":	0,
			"duration":	30,
			"bytes":	0,
			"blocks":	0,
			"reverse":	0,
			"tos":	0
		}
	},
	"intervals":	[{
			"streams":	[{
					"socket":	5,
					"start":	0,
					"end":	1.000498,
					"seconds":	1.0004980564117432,
					"bytes":	1085276160,
					"bits_per_second":	8677887202.63834,
					"retransmits":	0,
					"snd_cwnd":	348432,
					"rtt":	99,
					"rttvar":	20,
					"pmtu":	1500,
					"omitted":	false,
					"sender":	true
				}],
			"sum":	{
				"start":	0,
				"end":	1.000498,
				"seconds":	1.0004980564117432,
				"bytes":	1085276160,
				"bits_per_second":	8677887202.63834,
				"retransmits":	0,
				"omitted":	false,
				"sender":	true
			}
		}, {
			"streams":	[{
					"socket":	5,
					"start":	1.000498,
					"end":	2.00123,
					"seconds":	1.0007319450378418,
					"bytes":	1090519040,
					"bits_per_second":	8717771390.48969,
					"retransmits":	0,
					"snd_cwnd":	348432,
					"rtt":	105,
					"rttvar":	17,
					"pmtu":	1500,
					"omitted":	false,
					"sender":	true
				}],
			"sum":	{
				"start":	1.000498,
				"end":	2.00123,
				"seconds":	1.0007319450378418,
				"bytes":	1090519040,
				"bits_per_second":	8717771390.48969,
				"retransmits":	0,
				"omitted":	false,
				"sender":	true
			}
		}, {
			"streams":	[{
					"socket":	5,
					"start":	2.00123,
					"end":	3.000084,
					"seconds":	0.99885398149490356,
					"bytes":	1085276160,
					"bits_per_second":	8692170668.4354839,
					"retransmits":	0,
					"snd_cwnd":	348432,
					"rtt":	97,
					"rttvar":	15,
					"pmtu":	1500,
					"omitted":	false,
					"sender":	true
				}],
			"sum":	{
				"start":	2.00123,
				"end":	3.000084,
				"seconds":	0.99885398149490356,
				"bytes":	1085276160,
				"bits_per_second":	8692170668.4354839,
				"retransmits":	0,
				"omitted":	false,
				"sender":	true
			}
		}, {
			"streams":	[{
					"socket":	5,
					"start":	3.000084,
					"end":	4.001025,
					"seconds":	1.0009410381317139,
					"bytes":	1087897600,
					"bits_per_second":	8694998474.8799438,
					"retransmits":	0,
					"snd_cwnd":	348432,
					"rtt":	106,
					"rttvar":	20,
					"pmtu":	1500,
					"omitted":	false,
					"sender":	true
				}],
			"sum":	{
				"start":	3.000084,
				"end":	4.001025,
				"seconds":	1.0009410381317139,
				"bytes":	1087897600,
				"bits_per_second":	8694998474.8799438,
				"retransmits":	0,
				"omitted":	false,
				"sender":	true
			}
		}, {
			"streams":	[{
					"socket":	5,
					"start":	4.001025,
					"end":	5.000935,
					"seconds":	0.999909996986389,
					"bytes":	1085276160,
					"bits_per_second":	8682990775.336935,
					"retransmits":	0,
					"snd_cwnd":	348432,
					"rtt":	105,
					"rttvar":	30,
					"pmtu":	1500,
					"omitted":	false,
					"sender":	true
				}],
			"sum":	{
				"start":	4.001025,
				"end":	5.000935,
				"seconds":	0.999909996986389,
				"bytes":	1085276160,
				"bits_per_second":	8682990775.336935,
				"retransmits":	0,
				"omitted":	false,
				"sender":	true
			}
		}, {
			"streams":	[{
					"socket":	5,
					"start":	5.000935,
					"end":	6.000063,
					"seconds":	0.999127984046936,
					"bytes":	1116733440,
					"bits_per_second":	8941664794.34762,
					"retransmits":	0,
					"snd_cwnd":	348432,
					"rtt":	101,
					"rttvar":	14,
					"pmtu":	1500,
					"omitted":	false,
					"sender":	true
				}],
			"sum":	{
				"start":	5.000935,
				"end":	6.000063,
				"seconds":	0.999127984046936,
				"bytes":	1116733440,
				"bits_per_second":	8941664794.34762,
				"retransmits":	0,
				"omitted":	false,
				"sender":	true
			}
		}, {
			"streams":	[{
					"socket":	5,
					"start":	6.000063,
					"end":	7.001047,
					"seconds":	1.0009839534759521,
					"bytes":	1118044160,
					"bits_per_second":	8935561103.5925369,
					"retransmits":	0,
					"snd_cwnd":	348432,
					"rtt":	107,
					"rttvar":	20,
					"pmtu":	1500,
					"omitted":	false,
					"sender":	true
				}],
			"sum":	{
				"start":	6.000063,
				"end":	7.001047,
				"seconds":	1.0009839534759521,
				"bytes":	1118044160,
				"bits_per_second":	8935561103.5925369,
				"retransmits":	0,
				"omitted":	false,
				"sender":	true
			}
		}, {
			"streams":	[{
					"socket":	5,
					"start":	7.001047,
					"end":	8.000823,
					"seconds":	0.999776005744934,
					"bytes":	1116733440,
					"bits_per_second":	8935869103.34317,
					"retransmits":	0,
					"snd_cwnd":	348432,
					"rtt":	101,
					"rttvar":	23,
					"pmtu":	1500,
					"omitted":	false,
					"sender":	true
				}],
			"sum":	{
				"start":	7.001047,
				"end":	8.000823,
				"seconds":	0.999776005744934,
				"bytes":	1116733440,
				"bits_per_second":	8935869103.34317,
				"retransmits":	0,
				"omitted":	false,
				"sender":	true
			}
		}, {
			"streams":	[{
					"socket":	5,
					"start":	8.000823,
					"end":	9.00096,
					"seconds":	1.0001369714736938,
					"bytes":	1118044160,
					"bits_per_second":	8943128326.53368,
					"retransmits":	0,
					"snd_cwnd":	348432,
					"rtt":	102,
					"rttvar":	18,
					"pmtu":	1500,
					"omitted":	false,
					"sender":	true
				}],
			"sum":	{
				"start":	8.000823,
				"end":	9.00096,
				"seconds":	1.0001369714736938,
				"bytes":	1118044160,
				"bits_per_second":	8943128326.53368,
				"retransmits":	0,
				"omitted":	false,
				"sender":	true
			}
		}, {
			"streams":	[{
					"socket":	5,
					"start":	9.00096,
					"end":	10.000047,
					"seconds":	0.99908697605133057,
					"bytes":	1118044160,
					"bits_per_second":	8952527151.6906071,
					"retransmits":	0,
					"snd_cwnd":	348432,
					"rtt":	116,
					"rttvar":	33,
					"pmtu":	1500,
					"omitted":	false,
					"sender":	true
				}],
			"sum":	{
				"start":	9.00096,
				"end":	10.000047,
				"seconds":	0.99908697605133057,
				"bytes":	1118044160,
				"bits_per_second":	8952527151.6906071,
				"retransmits":	0,
				"omitted":	false,
				"sender":	true
			}
		}, {
			"streams":	[{
					"socket":	5,
					"start":	10.000047,
					"end":	11.000925,
					"seconds":	1.0008779764175415,
					"bytes":	1121976320,
					"bits_per_second":	8967936922.86772,
					"retransmits":	0,
					"snd_cwnd":	348432,
					"rtt":	97,
					"rttvar":	19,
					"pmtu":	1500,
					"omitted":	false,
					"sender":	true
				}],
			"sum":	{
				"start":	10.000047,
				"end":	11.000925,
				"seconds":	1.0008779764175415,
				"bytes":	1121976320,
				"bits_per_second":	8967936922.86772,
				"retransmits":	0,
				"omitted":	false,
				"sender":	true
			}
		}, {
			"streams":	[{
					"socket":	5,
					"start":	11.000925,
					"end":	12.00032,
					"seconds":	0.99939501285552979,
					"bytes":	1116733440,
					"bits_per_second":	8939275666.8593254,
					"retransmits":	0,
					"snd_cwnd":	348432,
					"rtt":	95,
					"rttvar":	20,
					"pmtu":	1500,
					"omitted":	false,
					"sender":	true
				}],
			"sum":	{
				"start":	11.000925,
				"end":	12.00032,
				"seconds":	0.99939501285552979,
				"bytes":	1116733440,
				"bits_per_second":	8939275666.8593254,
				"retransmits":	0,
				"omitted":	false,
				"sender":	true
			}
		}, {
			"streams":	[{
					"socket":	5,
					"start":	12.00032,
					"end":	13.000115,
					"seconds":	0.99979501962661743,
					"bytes":	1118044160,
					"bits_per_second":	8946187072.7665253,
					"retransmits":	0,
					"snd_cwnd":	348432,
					"rtt":	103,
					"rttvar":	29,