{
	"start":	{
		"connected":	[{
				"socket":	5,
				"local_host":	"fd00:64:64:5f00:20d2::200",
				"local_port":	57292,
				"remote_host":	"fd00:64:64:5f00:20d2::400",
				"remote_port":	5201
			}],
		"version":	"iperf 3.9",
		"system_info":	"Linux ace-3 5.15.0-151-generic #161-Ubuntu SMP Tue Jul 22 14:25:40 UTC 2025 x86_64",
		"timestamp":	{
			"time":	"Thu, 14 Aug 2025 14:46:55 GMT",
			"timesecs":	1755182815
		},
		"connecting_to":	{
			"host":	"fd00:64:64:5f00:20d2::400",
			"port":	5201
		},
		"cookie":	"7okjo3aytytwiiplxtoewjpkonk4ka3mgs5x",
		"tcp_mss_default":	1428,
		"sock_bufsize":	0,
		"sndbuf_actual":	16384,
		"rcvbuf_actual":	131072,
		"test_start":	{
			"protocol":	"TCP",
			"num_streams":	1,
			"blksize":	131072,
			"omit":	0,
			"duration":	30,
			"bytes":	0,
			"blocks":	0,
			"reverse":	0,
			"tos":	0
		}
	},
	"intervals":	[{
			"streams":	[{
					"socket":	5,
					"start":	0,
					"end":	1.000318,
					"seconds":	1.0003180503845215,
					"bytes":	1116733440,
					"bits_per_second":	8931027003.42739,
					"retransmits":	0,
					"snd_cwnd":	281316,
					"rtt":	112,
					"rttvar":	19,
					"pmtu":	1500,
					"omitted":	false,
					"sender":	true
				}],
			"sum":	{
				"start":	0,
				"end":	1.000318,
				"seconds":	1.0003180503845215,
				"bytes":	1116733440,
				"bits_per_second":	8931027003.42739,
				"retransmits":	0,
				"omitted":	false,
				"sender":	true
			}
		}, {
			"streams":	[{
					"socket":	5,
					"start":	1.000318,
					"end":	2.000483,
					"seconds":	1.0001649856567383,
					"bytes":	1116733440,
					"bits_per_second":	8932393803.1421432,
					"retransmits":	0,
					"snd_cwnd":	281316,
					"rtt":	103,
					"rttvar":	23,
					"pmtu":	1500,
					"omitted":	false,
					"sender":	true
				}],
			"sum":	{
				"start":	1.000318,
				"end":	2.000483,
				"seconds":	1.0001649856567383,
				"bytes":	1116733440,
				"bits_per_second":	8932393803.1421432,
				"retransmits":	0,
				"omitted":	false,
				"sender":	true
			}
		}, {
			"streams":	[{
					"socket":	5,
					"start":	2.000483,
					"end":	3.000947,
					"seconds":	1.0004639625549316,
					"bytes":	1111490560,
					"bits_per_second":	8887800873.1991463,
					"retransmits":	0,
					"snd_cwnd":	281316,
					"rtt":	103,
					"rttvar":	18,
					"pmtu":	1500,
					"omitted":	false,
					"sender":	true
				}],
			"sum":	{
				"start":	2.000483,
				"end":	3.000947,
				"seconds":	1.0004639625549316,
				"bytes":	1111490560,
				"bits_per_second":	8887800873.1991463,
				"retransmits":	0,
				"omitted":	false,
				"sender":	true
			}
		}, {
			"streams":	[{
					"socket":	5,
					"start":	3.000947,
					"end":	4.000456,
					"seconds":	0.99950897693634033,
					"bytes":	1112801280,
					"bits_per_second":	8906783676.208046,
					"retransmits":	0,
					"snd_cwnd":	281316,
					"rtt":	101,
					"rttvar":	23,
					"pmtu":	1500,
					"omitted":	false,
					"sender":	true
				}],
			"sum":	{
				"start":	3.000947,
				"end":	4.000456,
				"seconds":	0.99950897693634033,
				"bytes":	1112801280,
				"bits_per_second":	8906783676.208046,
				"retransmits":	0,
				"omitted":	false,
				"sender":	true
			}
		}, {
			"streams":	[{
					"socket":	5,
					"start":	4.000456,
					"end":	5.000067,
					"seconds":	0.9996110200881958,
					"bytes":	1120665600,
					"bits_per_second":	8968813488.27966,
					"retransmits":	0,
					"snd_cwnd":	281316,
					"rtt":	115,
					"rttvar":	29,
					"pmtu":	1500,
					"omitted":	false,
					"sender":	true
				}],
			"sum":	{
				"start":	4.000456,
				"end":	5.000067,
				"seconds":	0.9996110200881958,
				"bytes":	1120665600,
				"bits_per_second":	8968813488.27966,
				"retransmits":	0,
				"omitted":	false,
				"sender":	true
			}
		}, {
			"streams":	[{
					"socket":	5,
					"start":	5.000067,
					"end":	6.000885,
					"seconds":	1.0008180141448975,
					"bytes":	1127219200,
					"bits_per_second":	9010382979.27201,
					"retransmits":	0,
					"snd_cwnd":	281316,
					"rtt":	96,
					"rttvar":	18,
					"pmtu":	1500,
					"omitted":	false,
					"sender":	true
				}],
			"sum":	{
				"start":	5.000067,
				"end":	6.000885,
				"seconds":	1.0008180141448975,
				"bytes":	1127219200,
				"bits_per_second":	9010382979.27201,
				"retransmits":	0,
				"omitted":	false,
				"sender":	true
			}
		}, {
			"streams":	[{
					"socket":	5,
					"start":	6.000885,
					"end":	7.000091,
					"seconds":	0.999206006526947,
					"bytes":	1121976320,
					"bits_per_second":	8982942958.07752,
					"retransmits":	0,
					"snd_cwnd":	281316,
					"rtt":	104,
					"rttvar":	20,
					"pmtu":	1500,
					"omitted":	false,
					"sender":	true
				}],
			"sum":	{
				"start":	6.000885,
				"end":	7.000091,
				"seconds":	0.999206006526947,
				"bytes":	1121976320,
				"bits_per_second":	8982942958.07752,
				"retransmits":	0,
				"omitted":	false,
				"sender":	true
			}
		}, {
			"streams":	[{
					"socket":	5,
					"start":	7.000091,
					"end":	8.000619,
					"seconds":	1.0005279779434204,
					"bytes":	1127219200,
					"bits_per_second":	9012994937.4688568,
					"retransmits":	0,
					"snd_cwnd":	281316,
					"rtt":	104,
					"rttvar":	24,
					"pmtu":	1500,
					"omitted":	false,
					"sender":	true
				}],
			"sum":	{
				"start":	7.000091,
				"end":	8.000619,
				"seconds":	1.0005279779434204,
				"bytes":	1127219200,
				"bits_per_second":	9012994937.4688568,
				"retransmits":	0,
				"omitted":	false,
				"sender":	true
			}
		}, {
			"streams":	[{
					"socket":	5,
					"start":	8.000619,
					"end":	9.000039,
					"seconds":	0.99941998720169067,
					"bytes":	1124597760,
					"bits_per_second":	9002003357.1575756,
					"retransmits":	0,
					"snd_cwnd":	281316,
					"rtt":	110,
					"rttvar":	23,
					"pmtu":	1500,
					"omitted":	false,
					"sender":	true
				}],
			"sum":	{
				"start":	8.000619,
				"end":	9.000039,
				"seconds":	0.99941998720169067,
				"bytes":	1124597760,
				"bits_per_second":	9002003357.1575756,
				"retransmits":	0,
				"omitted":	false,
				"sender":	true
			}
		}, {
			"streams":	[{
					"socket":	5,
					"start":	9.000039,
					"end":	10.000108,
					"seconds":	1.00006902217865,
					"bytes":	1129840640,
					"bits_per_second":	9038101290.55807,
					"retransmits":	0,
					"snd_cwnd":	281316,
					"rtt":	104,
					"rttvar":	31,
					"pmtu":	1500,
					"omitted":	false,
					"sender":	true
				}],
			"sum":	{
				"start":	9.000039,
				"end":	10.000108,
				"seconds":	1.00006902217865,
				"bytes":	1129840640,
				"bits_per_second":	9038101290.55807,
				"retransmits":	0,
				"omitted":	false,
				"sender":	true
			}
		}, {
			"streams":	[{
					"socket":	5,
					"start":	10.000108,
					"end":	11.000649,
					"seconds":	1.0005409717559814,
					"bytes":	1125908480,
					"bits_per_second":	9002397797.0556831,
					"retransmits":	0,
					"snd_cwnd":	281316,
					"rtt":	102,
					"rttvar":	21,
					"pmtu":	1500,
					"omitted":	false,
					"sender":	true
				}],
			"sum":	{
				"start":	10.000108,
				"end":	11.000649,
				"seconds":	1.0005409717559814,
				"bytes":	1125908480,
				"bits_per_second":	9002397797.0556831,
				"retransmits":	0,
				"omitted":	false,
				"sender":	true
			}
		}, {
			"streams":	[{
					"socket":	5,
					"start":	11.000649,
					"end":	12.001069,
					"seconds":	1.0004199743270874,
					"bytes":	1128529920,
					"bits_per_second":	9024449322.96825,
					"retransmits":	0,
					"snd_cwnd":	281316,
					"rtt":	97,
					"rttvar":	20,
					"pmtu":	1500,
					"omitted":	false,
					"sender":	true
				}],
			"sum":	{
				"start":	11.000649,
				"end":	12.001069,
				"seconds":	1.0004199743270874,
				"bytes":	1128529920,
				"bits_per_second":	9024449322.96825,
				"retransmits":	0,
				"omitted":	false,
				"sender":	true
			}
		}, {
			"streams":	[{
					"socket":	5,
					"start":	12.001069,
					"end":	13.001029,
					"seconds":	0.99996000528335571,
					"bytes":	1124597760,
					"bits_per_second":	8997141918.1416245,
					"retransmits":	0,
					"snd_cwnd":	281316,
					"rtt":	103,
					"rttvar":	18,